"Date","Source","Site ID","POC","Daily Max 1-hour NO2 Concentration","UNITS","DAILY_AQI_VALUE","Site Name","DAILY_OBS_COUNT","PERCENT_COMPLETE","AQS_PARAMETER_CODE","AQS_PARAMETER_DESC","CBSA_CODE","CBSA_NAME","STATE_CODE","STATE","COUNTY_CODE","COUNTY","SITE_LATITUDE","SITE_LONGITUDE"
"01/01/2019","AQS","150030010","1","6.3","ppb","6","Kapolei","24","100.0000","42602","Nitrogen dioxide (NO2)","46520","Urban Honolulu, HI","15","Hawaii","003","Honolulu","21.32374479","-158.0886127"
"01/02/2019","AQS","150030010","1","11.1","ppb","10","Kapolei","24","100.0000","42602","Nitrogen dioxide (NO2)","46520","Urban Honolulu, HI","15","Hawaii","003","Honolulu","21.32374479","-158.0886127"
"01/03/2019","AQS","150030010","1","16.5","ppb","15","Kapolei","23","96.0000","42602","Nitrogen dioxide (NO2)","46520","Urban Honolulu, HI","15","Hawaii","003","Honolulu","21.32374479","-158.0886127"
"01/04/2019","AQS","150030010","1","3.9","ppb","3","Kapolei","23","96.0000","42602","Nitrogen dioxide (NO2)","46520","Urban Honolulu, HI","15","Hawaii","003","Honolulu","21.32374479","-158.0886127"
"01/05/2019","AQS","150030010","1","8","ppb","8","Kapolei","24","100.0000","42602","Nitrogen dioxide (NO2)","46520","Urban Honolulu, HI","15","Hawaii","003","Honolulu","21.32374479","-158.0886127"
"01/06/2019","AQS","150030010","1","21.1","ppb","20","Kapolei","24","100.0000","42602","Nitrogen dioxide (NO2)","46520","Urban Honolulu, HI","15","Hawaii","003","Honolulu","21.32374479","-158.0886127"
"01/07/2019","AQS","150030010","1","29.6","ppb","27","Kapolei","20","83.0000","42602","Nitrogen dioxide (NO2)","46520","Urban Honolulu, HI","15","Hawaii","003","Honolulu","21.32374479","-158.0886127"
"01/08/2019","AQS","150030010","1","21.9","ppb","20","Kapolei","24","100.0000","42602","Nitrogen dioxide (NO2)","46520","Urban Honolulu, HI","15","Hawaii","003","Honolulu","21.32374479","-158.0886127"
"01/09/2019","AQS","150030010","1","22.6","ppb","21","Kapolei","23","96.0000","42602","Nitrogen dioxide (NO2)","46520","Urban Honolulu, HI","15","Hawaii","003","Honolulu","21.32374479","-158.0886127"
"01/10/2019","AQS","150030010","1","16.2","ppb","15","Kapolei","22","92.0000","42602","Nitrogen dioxide (NO2)","46520","Urban Honolulu, HI","15","Hawaii","003","Honolulu","21.32374479","-158.0886127"
"01/11/2019","AQS","150030010","1","23.3","ppb","22","Kapolei","24","100.0000","42602","Nitrogen dioxide (NO2)","46520","Urban Honolulu, HI","15","Hawaii","003","Honolulu","21.32374479","-158.0886127"
"01/12/2019","AQS","150030010","1","12.5","ppb","11","Kapolei","23","96.0000","42602","Nitrogen dioxide (NO2)","46520","Urban Honolulu, HI","15","Hawaii","003","Honolulu","21.32374479","-158.0886127"
"01/13/2019","AQS","150030010","1","12.4","ppb","11","Kapolei","24","100.0000","42602","Nitrogen dioxide (NO2)","46520","Urban Honolulu, HI","15","Hawaii","003","Honolulu","21.32374479","-158.0886127"
"01/14/2019","AQS","150030010","1","20.9","ppb","19","Kapolei","18","75.0000","42602","Nitrogen dioxide (NO2)","46520","Urban Honolulu, HI","15","Hawaii","003","Honolulu","21.32374479","-158.0886127"
"01/15/2019","AQS","150030010","1","28.6","ppb","26","Kapolei","24","100.0000","42602","Nitrogen dioxide (NO2)","46520","Urban Honolulu, HI","15","Hawaii","003","Honolulu","21.32374479","-158.0886127"
"01/16/2019","AQS","150030010","1","34.4","ppb","32","Kapolei","24","100.0000","42602","Nitrogen dioxide (NO2)","46520","Urban Honolulu, HI","15","Hawaii","003","Honolulu","21.32374479","-158.0886127"
"01/17/2019","AQS","150030010","1","23.2","ppb","22","Kapolei","24","100.0000","42602","Nitrogen dioxide (NO2)","46520","Urban Honolulu, HI","15","Hawaii","003","Honolulu","21.32374479","-158.0886127"
"01/18/2019","AQS","150030010","1","6","ppb","6","Kapolei","24","100.0000","42602","Nitrogen dioxide (NO2)","46520","Urban Honolulu, HI","15","Hawaii","003","Honolulu","21.32374479","-158.0886127"
"01/19/2019","AQS","150030010","1","7.2","ppb","7","Kapolei","24","100.0000","42602","Nitrogen dioxide (NO2)","46520","Urban Honolulu, HI","15","Hawaii","003","Honolulu","21.32374479","-158.0886127"
"01/20/2019","AQS","150030010","1","9.6","ppb","8","Kapolei","22","92.0000","42602","Nitrogen dioxide (NO2)","46520","Urban Honolulu, HI","15","Hawaii","003","Honolulu","21.32374479","-158.0886127"
"01/21/2019","AQS","150030010","1","23.9","ppb","22","Kapolei","20","83.0000","42602","Nitrogen dioxide (NO2)","46520","Urban Honolulu, HI","15","Hawaii","003","Honolulu","21.32374479","-158.0886127"
"01/22/2019","AQS","150030010","1","22.6","ppb","21","Kapolei","24","100.0000","42602","Nitrogen dioxide (NO2)","46520","Urban Honolulu, HI","15","Hawaii","003","Honolulu","21.32374479","-158.0886127"
"01/23/2019","AQS","150030010","1","23.8","ppb","22","Kapolei","24","100.0000","42602","Nitrogen dioxide (NO2)","46520","Urban Honolulu, HI","15","Hawaii","003","Honolulu","21.32374479","-158.0886127"
"01/24/2019","AQS","150030010","1","17.9","ppb","16","Kapolei","24","100.0000","42602","Nitrogen dioxide (NO2)","46520","Urban Honolulu, HI","15","Hawaii","003","Honolulu","21.32374479","-158.0886127"
"01/25/2019","AQS","150030010","1","21","ppb","20","Kapolei","24","100.0000","42602","Nitrogen dioxide (NO2)","46520","Urban Honolulu, HI","15","Hawaii","003","Honolulu","21.32374479","-158.0886127"
"01/26/2019","AQS","150030010","1","5","ppb","5","Kapolei","24","100.0000","42602","Nitrogen dioxide (NO2)","46520","Urban Honolulu, HI","15","Hawaii","003","Honolulu","21.32374479","-158.0886127"
"01/27/2019","AQS","150030010","1","3.1","ppb","3","Kapolei","24","100.0000","42602","Nitrogen dioxide (NO2)","46520","Urban Honolulu, HI","15","Hawaii","003","Honolulu","21.32374479","-158.0886127"
"01/28/2019","AQS","150030010","1","9.1","ppb","8","Kapolei","20","83.0000","42602","Nitrogen dioxide (NO2)","46520","Urban Honolulu, HI","15","Hawaii","003","Honolulu","21.32374479","-158.0886127"
"01/29/2019","AQS","150030010","1","7.3","ppb","7","Kapolei","24","100.0000","42602","Nitrogen dioxide (NO2)","46520","Urban Honolulu, HI","15","Hawaii","003","Honolulu","21.32374479","-158.0886127"
"01/30/2019","AQS","150030010","1","7.2","ppb","7","Kapolei","24","100.0000","42602","Nitrogen dioxide (NO2)","46520","Urban Honolulu, HI","15","Hawaii","003","Honolulu","21.32374479","-158.0886127"
"01/31/2019","AQS","150030010","1","6.3","ppb","6","Kapolei","24","100.0000","42602","Nitrogen dioxide (NO2)","46520","Urban Honolulu, HI","15","Hawaii","003","Honolulu","21.32374479","-158.0886127"
"02/01/2019","AQS","150030010","1","6.1","ppb","6","Kapolei","24","100.0000","42602","Nitrogen dioxide (NO2)","46520","Urban Honolulu, HI","15","Hawaii","003","Honolulu","21.32374479","-158.0886127"
"02/02/2019","AQS","150030010","1","4.3","ppb","4","Kapolei","24","100.0000","42602","Nitrogen dioxide (NO2)","46520","Urban Honolulu, HI","15","Hawaii","003","Honolulu","21.32374479","-158.0886127"
"02/03/2019","AQS","150030010","1","3","ppb","3","Kapolei","24","100.0000","42602","Nitrogen dioxide (NO2)","46520","Urban Honolulu, HI","15","Hawaii","003","Honolulu","21.32374479","-158.0886127"
"02/04/2019","AQS","150030010","1","8.6","ppb","8","Kapolei","20","83.0000","42602","Nitrogen dioxide (NO2)","46520","Urban Honolulu, HI","15","Hawaii","003","Honolulu","21.32374479","-158.0886127"
"02/05/2019","AQS","150030010","1","34","ppb","32","Kapolei","19","79.0000","42602","Nitrogen dioxide (NO2)","46520","Urban Honolulu, HI","15","Hawaii","003","Honolulu","21.32374479","-158.0886127"
"02/06/2019","AQS","150030010","1","29.3","ppb","27","Kapolei","22","92.0000","42602","Nitrogen dioxide (NO2)","46520","Urban Honolulu, HI","15","Hawaii","003","Honolulu","21.32374479","-158.0886127"
"02/07/2019","AQS","150030010","1","20","ppb","19","Kapolei","24","100.0000","42602","Nitrogen dioxide (NO2)","46520","Urban Honolulu, HI","15","Hawaii","003","Honolulu","21.32374479","-158.0886127"
"02/08/2019","AQS","150030010","1","16.3","ppb","15","Kapolei","24","100.0000","42602","Nitrogen dioxide (NO2)","46520","Urban Honolulu, HI","15","Hawaii","003","Honolulu","21.32374479","-158.0886127"
"02/09/2019","AQS","150030010","1","23.3","ppb","22","Kapolei","24","100.0000","42602","Nitrogen dioxide (NO2)","46520","Urban Honolulu, HI","15","Hawaii","003","Honolulu","21.32374479","-158.0886127"
"02/10/2019","AQS","150030010","1","14.6","ppb","13","Kapolei","24","100.0000","42602","Nitrogen dioxide (NO2)","46520","Urban Honolulu, HI","15","Hawaii","003","Honolulu","21.32374479","-158.0886127"
"02/11/2019","AQS","150030010","1","25.2","ppb","24","Kapolei","20","83.0000","42602","Nitrogen dioxide (NO2)","46520","Urban Honolulu, HI","15","Hawaii","003","Honolulu","21.32374479","-158.0886127"
"02/12/2019","AQS","150030010","1","11.4","ppb","10","Kapolei","24","100.0000","42602","Nitrogen dioxide (NO2)","46520","Urban Honolulu, HI","15","Hawaii","003","Honolulu","21.32374479","-158.0886127"
"02/13/2019","AQS","150030010","1","8.1","ppb","8","Kapolei","24","100.0000","42602","Nitrogen dioxide (NO2)","46520","Urban Honolulu, HI","15","Hawaii","003","Honolulu","21.32374479","-158.0886127"
"02/14/2019","AQS","150030010","1","5.7","ppb","5","Kapolei","24","100.0000","42602","Nitrogen dioxide (NO2)","46520","Urban Honolulu, HI","15","Hawaii","003","Honolulu","21.32374479","-158.0886127"
"02/15/2019","AQS","150030010","1","8.4","ppb","8","Kapolei","24","100.0000","42602","Nitrogen dioxide (NO2)","46520","Urban Honolulu, HI","15","Hawaii","003","Honolulu","21.32374479","-158.0886127"
"02/16/2019","AQS","150030010","1","6.1","ppb","6","Kapolei","24","100.0000","42602","Nitrogen dioxide (NO2)","46520","Urban Honolulu, HI","15","Hawaii","003","Honolulu","21.32374479","-158.0886127"
"02/17/2019","AQS","150030010","1","2.9","ppb","2","Kapolei","24","100.0000","42602","Nitrogen dioxide (NO2)","46520","Urban Honolulu, HI","15","Hawaii","003","Honolulu","21.32374479","-158.0886127"
"02/18/2019","AQS","150030010","1","14.1","ppb","13","Kapolei","20","83.0000","42602","Nitrogen dioxide (NO2)","46520","Urban Honolulu, HI","15","Hawaii","003","Honolulu","21.32374479","-158.0886127"
"02/19/2019","AQS","150030010","1","12.5","ppb","11","Kapolei","24","100.0000","42602","Nitrogen dioxide (NO2)","46520","Urban Honolulu, HI","15","Hawaii","003","Honolulu","21.32374479","-158.0886127"
"02/20/2019","AQS","150030010","1","25.9","ppb","24","Kapolei","24","100.0000","42602","Nitrogen dioxide (NO2)","46520","Urban Honolulu, HI","15","Hawaii","003","Honolulu","21.32374479","-158.0886127"
"02/21/2019","AQS","150030010","1","18.3","ppb","17","Kapolei","24","100.0000","42602","Nitrogen dioxide (NO2)","46520","Urban Honolulu, HI","15","Hawaii","003","Honolulu","21.32374479","-158.0886127"
"02/22/2019","AQS","150030010","1","22.2","ppb","21","Kapolei","24","100.0000","42602","Nitrogen dioxide (NO2)","46520","Urban Honolulu, HI","15","Hawaii","003","Honolulu","21.32374479","-158.0886127"
"02/23/2019","AQS","150030010","1","17.8","ppb","16","Kapolei","24","100.0000","42602","Nitrogen dioxide (NO2)","46520","Urban Honolulu, HI","15","Hawaii","003","Honolulu","21.32374479","-158.0886127"
"02/24/2019","AQS","150030010","1","3.8","ppb","3","Kapolei","24","100.0000","42602","Nitrogen dioxide (NO2)","46520","Urban Honolulu, HI","15","Hawaii","003","Honolulu","21.32374479","-158.0886127"
"02/25/2019","AQS","150030010","1","11.1","ppb","10","Kapolei","20","83.0000","42602","Nitrogen dioxide (NO2)","46520","Urban Honolulu, HI","15","Hawaii","003","Honolulu","21.32374479","-158.0886127"
"02/26/2019","AQS","150030010","1","9.4","ppb","8","Kapolei","21","88.0000","42602","Nitrogen dioxide (NO2)","46520","Urban Honolulu, HI","15","Hawaii","003","Honolulu","21.32374479","-158.0886127"
"02/27/2019","AQS","150030010","1","4.8","ppb","4","Kapolei","24","100.0000","42602","Nitrogen dioxide (NO2)","46520","Urban Honolulu, HI","15","Hawaii","003","Honolulu","21.32374479","-158.0886127"
"02/28/2019","AQS","150030010","1","11.4","ppb","10","Kapolei","24","100.0000","42602","Nitrogen dioxide (NO2)","46520","Urban Honolulu, HI","15","Hawaii","003","Honolulu","21.32374479","-158.0886127"
"03/01/2019","AQS","150030010","1","18.5","ppb","17","Kapolei","24","100.0000","42602","Nitrogen dioxide (NO2)","46520","Urban Honolulu, HI","15","Hawaii","003","Honolulu","21.32374479","-158.0886127"
"03/02/2019","AQS","150030010","1","10.3","ppb","9","Kapolei","24","100.0000","42602","Nitrogen dioxide (NO2)","46520","Urban Honolulu, HI","15","Hawaii","003","Honolulu","21.32374479","-158.0886127"
"03/03/2019","AQS","150030010","1","4.2","ppb","4","Kapolei","24","100.0000","42602","Nitrogen dioxide (NO2)","46520","Urban Honolulu, HI","15","Hawaii","003","Honolulu","21.32374479","-158.0886127"
"03/04/2019","AQS","150030010","1","5.3","ppb","5","Kapolei","19","79.0000","42602","Nitrogen dioxide (NO2)","46520","Urban Honolulu, HI","15","Hawaii","003","Honolulu","21.32374479","-158.0886127"
"03/05/2019","AQS","150030010","1","8.5","ppb","8","Kapolei","24","100.0000","42602","Nitrogen dioxide (NO2)","46520","Urban Honolulu, HI","15","Hawaii","003","Honolulu","21.32374479","-158.0886127"
"03/06/2019","AQS","150030010","1","8.6","ppb","8","Kapolei","24","100.0000","42602","Nitrogen dioxide (NO2)","46520","Urban Honolulu, HI","15","Hawaii","003","Honolulu","21.32374479","-158.0886127"
"03/07/2019","AQS","150030010","1","7.1","ppb","7","Kapolei","24","100.0000","42602","Nitrogen dioxide (NO2)","46520","Urban Honolulu, HI","15","Hawaii","003","Honolulu","21.32374479","-158.0886127"
"03/08/2019","AQS","150030010","1","7.8","ppb","7","Kapolei","24","100.0000","42602","Nitrogen dioxide (NO2)","46520","Urban Honolulu, HI","15","Hawaii","003","Honolulu","21.32374479","-158.0886127"
"03/09/2019","AQS","150030010","1","4.4","ppb","4","Kapolei","24","100.0000","42602","Nitrogen dioxide (NO2)","46520","Urban Honolulu, HI","15","Hawaii","003","Honolulu","21.32374479","-158.0886127"
"03/10/2019","AQS","150030010","1","3.1","ppb","3","Kapolei","24","100.0000","42602","Nitrogen dioxide (NO2)","46520","Urban Honolulu, HI","15","Hawaii","003","Honolulu","21.32374479","-158.0886127"
"03/11/2019","AQS","150030010","1","8.6","ppb","8","Kapolei","19","79.0000","42602","Nitrogen dioxide (NO2)","46520","Urban Honolulu, HI","15","Hawaii","003","Honolulu","21.32374479","-158.0886127"
"03/12/2019","AQS","150030010","1","9.6","ppb","8","Kapolei","24","100.0000","42602","Nitrogen dioxide (NO2)","46520","Urban Honolulu, HI","15","Hawaii","003","Honolulu","21.32374479","-158.0886127"
"03/13/2019","AQS","150030010","1","7","ppb","7","Kapolei","24","100.0000","42602","Nitrogen dioxide (NO2)","46520","Urban Honolulu, HI","15","Hawaii","003","Honolulu","21.32374479","-158.0886127"
"03/14/2019","AQS","150030010","1","14.1","ppb","13","Kapolei","24","100.0000","42602","Nitrogen dioxide (NO2)","46520","Urban Honolulu, HI","15","Hawaii","003","Honolulu","21.32374479","-158.0886127"
"03/15/2019","AQS","150030010","1","10.3","ppb","9","Kapolei","24","100.0000","42602","Nitrogen dioxide (NO2)","46520","Urban Honolulu, HI","15","Hawaii","003","Honolulu","21.32374479","-158.0886127"
"03/16/2019","AQS","150030010","1","24.9","ppb","23","Kapolei","24","100.0000","42602","Nitrogen dioxide (NO2)","46520","Urban Honolulu, HI","15","Hawaii","003","Honolulu","21.32374479","-158.0886127"
"03/17/2019","AQS","150030010","1","8.9","ppb","8","Kapolei","24","100.0000","42602","Nitrogen dioxide (NO2)","46520","Urban Honolulu, HI","15","Hawaii","003","Honolulu","21.32374479","-158.0886127"
"03/18/2019","AQS","150030010","1","11.5","ppb","10","Kapolei","20","83.0000","42602","Nitrogen dioxide (NO2)","46520","Urban Honolulu, HI","15","Hawaii","003","Honolulu","21.32374479","-158.0886127"
"03/19/2019","AQS","150030010","1","11.9","ppb","10","Kapolei","24","100.0000","42602","Nitrogen dioxide (NO2)","46520","Urban Honolulu, HI","15","Hawaii","003","Honolulu","21.32374479","-158.0886127"
"03/20/2019","AQS","150030010","1","32.6","ppb","30","Kapolei","24","100.0000","42602","Nitrogen dioxide (NO2)","46520","Urban Honolulu, HI","15","Hawaii","003","Honolulu","21.32374479","-158.0886127"
"03/21/2019","AQS","150030010","1","14.1","ppb","13","Kapolei","24","100.0000","42602","Nitrogen dioxide (NO2)","46520","Urban Honolulu, HI","15","Hawaii","003","Honolulu","21.32374479","-158.0886127"
"03/22/2019","AQS","150030010","1","7.3","ppb","7","Kapolei","24","100.0000","42602","Nitrogen dioxide (NO2)","46520","Urban Honolulu, HI","15","Hawaii","003","Honolulu","21.32374479","-158.0886127"
"03/23/2019","AQS","150030010","1","6","ppb","6","Kapolei","24","100.0000","42602","Nitrogen dioxide (NO2)","46520","Urban Honolulu, HI","15","Hawaii","003","Honolulu","21.32374479","-158.0886127"
"03/24/2019","AQS","150030010","1","5.1","ppb","5","Kapolei","24","100.0000","42602","Nitrogen dioxide (NO2)","46520","Urban Honolulu, HI","15","Hawaii","003","Honolulu","21.32374479","-158.0886127"
"03/25/2019","AQS","150030010","1","6.6","ppb","6","Kapolei","20","83.0000","42602","Nitrogen dioxide (NO2)","46520","Urban Honolulu, HI","15","Hawaii","003","Honolulu","21.32374479","-158.0886127"
"03/26/2019","AQS","150030010","1","7.5","ppb","7","Kapolei","24","100.0000","42602","Nitrogen dioxide (NO2)","46520","Urban Honolulu, HI","15","Hawaii","003","Honolulu","21.32374479","-158.0886127"
"03/27/2019","AQS","150030010","1","18.4","ppb","17","Kapolei","24","100.0000","42602","Nitrogen dioxide (NO2)","46520","Urban Honolulu, HI","15","Hawaii","003","Honolulu","21.32374479","-158.0886127"
"03/28/2019","AQS","150030010","1","16.4","ppb","15","Kapolei","24","100.0000","42602","Nitrogen dioxide (NO2)","46520","Urban Honolulu, HI","15","Hawaii","003","Honolulu","21.32374479","-158.0886127"
"03/29/2019","AQS","150030010","1","13.4","ppb","12","Kapolei","24","100.0000","42602","Nitrogen dioxide (NO2)","46520","Urban Honolulu, HI","15","Hawaii","003","Honolulu","21.32374479","-158.0886127"
"03/30/2019","AQS","150030010","1","7.9","ppb","7","Kapolei","24","100.0000","42602","Nitrogen dioxide (NO2)","46520","Urban Honolulu, HI","15","Hawaii","003","Honolulu","21.32374479","-158.0886127"
"03/31/2019","AQS","150030010","1","10.8","ppb","9","Kapolei","24","100.0000","42602","Nitrogen dioxide (NO2)","46520","Urban Honolulu, HI","15","Hawaii","003","Honolulu","21.32374479","-158.0886127"
"04/01/2019","AQS","150030010","1","18.8","ppb","17","Kapolei","20","83.0000","42602","Nitrogen dioxide (NO2)","46520","Urban Honolulu, HI","15","Hawaii","003","Honolulu","21.32374479","-158.0886127"
"04/02/2019","AQS","150030010","1","10.9","ppb","9","Kapolei","24","100.0000","42602","Nitrogen dioxide (NO2)","46520","Urban Honolulu, HI","15","Hawaii","003","Honolulu","21.32374479","-158.0886127"
"04/03/2019","AQS","150030010","1","14.4","ppb","13","Kapolei","24","100.0000","42602","Nitrogen dioxide (NO2)","46520","Urban Honolulu, HI","15","Hawaii","003","Honolulu","21.32374479","-158.0886127"
"04/04/2019","AQS","150030010","1","10","ppb","9","Kapolei","24","100.0000","42602","Nitrogen dioxide (NO2)","46520","Urban Honolulu, HI","15","Hawaii","003","Honolulu","21.32374479","-158.0886127"
"04/05/2019","AQS","150030010","1","24.3","ppb","23","Kapolei","24","100.0000","42602","Nitrogen dioxide (NO2)","46520","Urban Honolulu, HI","15","Hawaii","003","Honolulu","21.32374479","-158.0886127"
"04/06/2019","AQS","150030010","1","15.5","ppb","14","Kapolei","24","100.0000","42602","Nitrogen dioxide (NO2)","46520","Urban Honolulu, HI","15","Hawaii","003","Honolulu","21.32374479","-158.0886127"
"04/07/2019","AQS","150030010","1","5.2","ppb","5","Kapolei","24","100.0000","42602","Nitrogen dioxide (NO2)","46520","Urban Honolulu, HI","15","Hawaii","003","Honolulu","21.32374479","-158.0886127"
"04/08/2019","AQS","150030010","1","13.3","ppb","12","Kapolei","20","83.0000","42602","Nitrogen dioxide (NO2)","46520","Urban Honolulu, HI","15","Hawaii","003","Honolulu","21.32374479","-158.0886127"
"04/09/2019","AQS","150030010","1","8","ppb","8","Kapolei","20","83.0000","42602","Nitrogen dioxide (NO2)","46520","Urban Honolulu, HI","15","Hawaii","003","Honolulu","21.32374479","-158.0886127"
"04/10/2019","AQS","150030010","1","7.2","ppb","7","Kapolei","24","100.0000","42602","Nitrogen dioxide (NO2)","46520","Urban Honolulu, HI","15","Hawaii","003","Honolulu","21.32374479","-158.0886127"
"04/11/2019","AQS","150030010","1","5.9","ppb","5","Kapolei","24","100.0000","42602","Nitrogen dioxide (NO2)","46520","Urban Honolulu, HI","15","Hawaii","003","Honolulu","21.32374479","-158.0886127"
"04/12/2019","AQS","150030010","1","5.9","ppb","5","Kapolei","24","100.0000","42602","Nitrogen dioxide (NO2)","46520","Urban Honolulu, HI","15","Hawaii","003","Honolulu","21.32374479","-158.0886127"
"04/13/2019","AQS","150030010","1","4.8","ppb","4","Kapolei","24","100.0000","42602","Nitrogen dioxide (NO2)","46520","Urban Honolulu, HI","15","Hawaii","003","Honolulu","21.32374479","-158.0886127"
"04/14/2019","AQS","150030010","1","3.2","ppb","3","Kapolei","24","100.0000","42602","Nitrogen dioxide (NO2)","46520","Urban Honolulu, HI","15","Hawaii","003","Honolulu","21.32374479","-158.0886127"
"04/15/2019","AQS","150030010","1","8.2","ppb","8","Kapolei","20","83.0000","42602","Nitrogen dioxide (NO2)","46520","Urban Honolulu, HI","15","Hawaii","003","Honolulu","21.32374479","-158.0886127"
"04/16/2019","AQS","150030010","1","15.3","ppb","14","Kapolei","24","100.0000","42602","Nitrogen dioxide (NO2)","46520","Urban Honolulu, HI","15","Hawaii","003","Honolulu","21.32374479","-158.0886127"
"04/17/2019","AQS","150030010","1","7.5","ppb","7","Kapolei","24","100.0000","42602","Nitrogen dioxide (NO2)","46520","Urban Honolulu, HI","15","Hawaii","003","Honolulu","21.32374479","-158.0886127"
"04/18/2019","AQS","150030010","1","8.7","ppb","8","Kapolei","24","100.0000","42602","Nitrogen dioxide (NO2)","46520","Urban Honolulu, HI","15","Hawaii","003","Honolulu","21.32374479","-158.0886127"
"04/19/2019","AQS","150030010","1","9.5","ppb","8","Kapolei","24","100.0000","42602","Nitrogen dioxide (NO2)","46520","Urban Honolulu, HI","15","Hawaii","003","Honolulu","21.32374479","-158.0886127"
"04/20/2019","AQS","150030010","1","8.9","ppb","8","Kapolei","24","100.0000","42602","Nitrogen dioxide (NO2)","46520","Urban Honolulu, HI","15","Hawaii","003","Honolulu","21.32374479","-158.0886127"
"04/21/2019","AQS","150030010","1","8.5","ppb","8","Kapolei","24","100.0000","42602","Nitrogen dioxide (NO2)","46520","Urban Honolulu, HI","15","Hawaii","003","Honolulu","21.32374479","-158.0886127"
"04/22/2019","AQS","150030010","1","7.9","ppb","7","Kapolei","20","83.0000","42602","Nitrogen dioxide (NO2)","46520","Urban Honolulu, HI","15","Hawaii","003","Honolulu","21.32374479","-158.0886127"
"04/23/2019","AQS","150030010","1","12.6","ppb","11","Kapolei","24","100.0000","42602","Nitrogen dioxide (NO2)","46520","Urban Honolulu, HI","15","Hawaii","003","Honolulu","21.32374479","-158.0886127"
"04/24/2019","AQS","150030010","1","10.1","ppb","9","Kapolei","24","100.0000","42602","Nitrogen dioxide (NO2)","46520","Urban Honolulu, HI","15","Hawaii","003","Honolulu","21.32374479","-158.0886127"
"04/25/2019","AQS","150030010","1","8","ppb","8","Kapolei","24","100.0000","42602","Nitrogen dioxide (NO2)","46520","Urban Honolulu, HI","15","Hawaii","003","Honolulu","21.32374479","-158.0886127"
"04/26/2019","AQS","150030010","1","9.3","ppb","8","Kapolei","24","100.0000","42602","Nitrogen dioxide (NO2)","46520","Urban Honolulu, HI","15","Hawaii","003","Honolulu","21.32374479","-158.0886127"
"04/27/2019","AQS","150030010","1","16.4","ppb","15","Kapolei","24","100.0000","42602","Nitrogen dioxide (NO2)","46520","Urban Honolulu, HI","15","Hawaii","003","Honolulu","21.32374479","-158.0886127"
"04/28/2019","AQS","150030010","1","20.7","ppb","19","Kapolei","24","100.0000","42602","Nitrogen dioxide (NO2)","46520","Urban Honolulu, HI","15","Hawaii","003","Honolulu","21.32374479","-158.0886127"
"04/29/2019","AQS","150030010","1","14.1","ppb","13","Kapolei","20","83.0000","42602","Nitrogen dioxide (NO2)","46520","Urban Honolulu, HI","15","Hawaii","003","Honolulu","21.32374479","-158.0886127"
"04/30/2019","AQS","150030010","1","12.8","ppb","11","Kapolei","24","100.0000","42602","Nitrogen dioxide (NO2)","46520","Urban Honolulu, HI","15","Hawaii","003","Honolulu","21.32374479","-158.0886127"
"05/01/2019","AQS","150030010","1","8.8","ppb","8","Kapolei","24","100.0000","42602","Nitrogen dioxide (NO2)","46520","Urban Honolulu, HI","15","Hawaii","003","Honolulu","21.32374479","-158.0886127"
"05/02/2019","AQS","150030010","1","13.8","ppb","12","Kapolei","24","100.0000","42602","Nitrogen dioxide (NO2)","46520","Urban Honolulu, HI","15","Hawaii","003","Honolulu","21.32374479","-158.0886127"
"05/03/2019","AQS","150030010","1","14.6","ppb","13","Kapolei","24","100.0000","42602","Nitrogen dioxide (NO2)","46520","Urban Honolulu, HI","15","Hawaii","003","Honolulu","21.32374479","-158.0886127"
"05/04/2019","AQS","150030010","1","8.7","ppb","8","Kapolei","24","100.0000","42602","Nitrogen dioxide (NO2)","46520","Urban Honolulu, HI","15","Hawaii","003","Honolulu","21.32374479","-158.0886127"
"05/05/2019","AQS","150030010","1","8.1","ppb","8","Kapolei","24","100.0000","42602","Nitrogen dioxide (NO2)","46520","Urban Honolulu, HI","15","Hawaii","003","Honolulu","21.32374479","-158.0886127"
"05/06/2019","AQS","150030010","1","7.9","ppb","7","Kapolei","20","83.0000","42602","Nitrogen dioxide (NO2)","46520","Urban Honolulu, HI","15","Hawaii","003","Honolulu","21.32374479","-158.0886127"
"05/07/2019","AQS","150030010","1","16.5","ppb","15","Kapolei","24","100.0000","42602","Nitrogen dioxide (NO2)","46520","Urban Honolulu, HI","15","Hawaii","003","Honolulu","21.32374479","-158.0886127"
"05/08/2019","AQS","150030010","1","19.3","ppb","18","Kapolei","24","100.0000","42602","Nitrogen dioxide (NO2)","46520","Urban Honolulu, HI","15","Hawaii","003","Honolulu","21.32374479","-158.0886127"
"05/09/2019","AQS","150030010","1","24.2","ppb","23","Kapolei","24","100.0000","42602","Nitrogen dioxide (NO2)","46520","Urban Honolulu, HI","15","Hawaii","003","Honolulu","21.32374479","-158.0886127"
"05/10/2019","AQS","150030010","1","10.4","ppb","9","Kapolei","24","100.0000","42602","Nitrogen dioxide (NO2)","46520","Urban Honolulu, HI","15","Hawaii","003","Honolulu","21.32374479","-158.0886127"
"05/11/2019","AQS","150030010","1","11.6","ppb","10","Kapolei","24","100.0000","42602","Nitrogen dioxide (NO2)","46520","Urban Honolulu, HI","15","Hawaii","003","Honolulu","21.32374479","-158.0886127"
"05/12/2019","AQS","150030010","1","3.3","ppb","3","Kapolei","24","100.0000","42602","Nitrogen dioxide (NO2)","46520","Urban Honolulu, HI","15","Hawaii","003","Honolulu","21.32374479","-158.0886127"
"05/13/2019","AQS","150030010","1","20.1","ppb","19","Kapolei","20","83.0000","42602","Nitrogen dioxide (NO2)","46520","Urban Honolulu, HI","15","Hawaii","003","Honolulu","21.32374479","-158.0886127"
"05/14/2019","AQS","150030010","1","7.8","ppb","7","Kapolei","24","100.0000","42602","Nitrogen dioxide (NO2)","46520","Urban Honolulu, HI","15","Hawaii","003","Honolulu","21.32374479","-158.0886127"
"05/15/2019","AQS","150030010","1","5.8","ppb","5","Kapolei","24","100.0000","42602","Nitrogen dioxide (NO2)","46520","Urban Honolulu, HI","15","Hawaii","003","Honolulu","21.32374479","-158.0886127"
"05/16/2019","AQS","150030010","1","7.3","ppb","7","Kapolei","24","100.0000","42602","Nitrogen dioxide (NO2)","46520","Urban Honolulu, HI","15","Hawaii","003","Honolulu","21.32374479","-158.0886127"
"05/17/2019","AQS","150030010","1","5.1","ppb","5","Kapolei","24","100.0000","42602","Nitrogen dioxide (NO2)","46520","Urban Honolulu, HI","15","Hawaii","003","Honolulu","21.32374479","-158.0886127"
"05/18/2019","AQS","150030010","1","7.9","ppb","7","Kapolei","24","100.0000","42602","Nitrogen dioxide (NO2)","46520","Urban Honolulu, HI","15","Hawaii","003","Honolulu","21.32374479","-158.0886127"
"05/19/2019","AQS","150030010","1","10.3","ppb","9","Kapolei","24","100.0000","42602","Nitrogen dioxide (NO2)","46520","Urban Honolulu, HI","15","Hawaii","003","Honolulu","21.32374479","-158.0886127"
"05/20/2019","AQS","150030010","1","9.9","ppb","8","Kapolei","20","83.0000","42602","Nitrogen dioxide (NO2)","46520","Urban Honolulu, HI","15","Hawaii","003","Honolulu","21.32374479","-158.0886127"
"05/21/2019","AQS","150030010","1","25.1","ppb","24","Kapolei","24","100.0000","42602","Nitrogen dioxide (NO2)","46520","Urban Honolulu, HI","15","Hawaii","003","Honolulu","21.32374479","-158.0886127"
"05/22/2019","AQS","150030010","1","13","ppb","12","Kapolei","24","100.0000","42602","Nitrogen dioxide (NO2)","46520","Urban Honolulu, HI","15","Hawaii","003","Honolulu","21.32374479","-158.0886127"
"05/23/2019","AQS","150030010","1","19.5","ppb","18","Kapolei","24","100.0000","42602","Nitrogen dioxide (NO2)","46520","Urban Honolulu, HI","15","Hawaii","003","Honolulu","21.32374479","-158.0886127"
"05/24/2019","AQS","150030010","1","13.8","ppb","12","Kapolei","24","100.0000","42602","Nitrogen dioxide (NO2)","46520","Urban Honolulu, HI","15","Hawaii","003","Honolulu","21.32374479","-158.0886127"
"05/25/2019","AQS","150030010","1","3.9","ppb","3","Kapolei","24","100.0000","42602","Nitrogen dioxide (NO2)","46520","Urban Honolulu, HI","15","Hawaii","003","Honolulu","21.32374479","-158.0886127"
"05/26/2019","AQS","150030010","1","5.3","ppb","5","Kapolei","24","100.0000","42602","Nitrogen dioxide (NO2)","46520","Urban Honolulu, HI","15","Hawaii","003","Honolulu","21.32374479","-158.0886127"
"05/27/2019","AQS","150030010","1","6","ppb","6","Kapolei","20","83.0000","42602","Nitrogen dioxide (NO2)","46520","Urban Honolulu, HI","15","Hawaii","003","Honolulu","21.32374479","-158.0886127"
"05/28/2019","AQS","150030010","1","14.1","ppb","13","Kapolei","24","100.0000","42602","Nitrogen dioxide (NO2)","46520","Urban Honolulu, HI","15","Hawaii","003","Honolulu","21.32374479","-158.0886127"
"05/29/2019","AQS","150030010","1","15.5","ppb","14","Kapolei","24","100.0000","42602","Nitrogen dioxide (NO2)","46520","Urban Honolulu, HI","15","Hawaii","003","Honolulu","21.32374479","-158.0886127"
"05/30/2019","AQS","150030010","1","8.9","ppb","8","Kapolei","24","100.0000","42602","Nitrogen dioxide (NO2)","46520","Urban Honolulu, HI","15","Hawaii","003","Honolulu","21.32374479","-158.0886127"
"05/31/2019","AQS","150030010","1","13.8","ppb","12","Kapolei","24","100.0000","42602","Nitrogen dioxide (NO2)","46520","Urban Honolulu, HI","15","Hawaii","003","Honolulu","21.32374479","-158.0886127"
"06/01/2019","AQS","150030010","1","11.2","ppb","10","Kapolei","24","100.0000","42602","Nitrogen dioxide (NO2)","46520","Urban Honolulu, HI","15","Hawaii","003","Honolulu","21.32374479","-158.0886127"
"06/02/2019","AQS","150030010","1","5.2","ppb","5","Kapolei","24","100.0000","42602","Nitrogen dioxide (NO2)","46520","Urban Honolulu, HI","15","Hawaii","003","Honolulu","21.32374479","-158.0886127"
"06/03/2019","AQS","150030010","1","10.4","ppb","9","Kapolei","20","83.0000","42602","Nitrogen dioxide (NO2)","46520","Urban Honolulu, HI","15","Hawaii","003","Honolulu","21.32374479","-158.0886127"
"06/04/2019","AQS","150030010","1","6.4","ppb","6","Kapolei","24","100.0000","42602","Nitrogen dioxide (NO2)","46520","Urban Honolulu, HI","15","Hawaii","003","Honolulu","21.32374479","-158.0886127"
"06/05/2019","AQS","150030010","1","8.2","ppb","8","Kapolei","24","100.0000","42602","Nitrogen dioxide (NO2)","46520","Urban Honolulu, HI","15","Hawaii","003","Honolulu","21.32374479","-158.0886127"
"06/06/2019","AQS","150030010","1","6.5","ppb","6","Kapolei","24","100.0000","42602","Nitrogen dioxide (NO2)","46520","Urban Honolulu, HI","15","Hawaii","003","Honolulu","21.32374479","-158.0886127"
"06/07/2019","AQS","150030010","1","17.9","ppb","16","Kapolei","24","100.0000","42602","Nitrogen dioxide (NO2)","46520","Urban Honolulu, HI","15","Hawaii","003","Honolulu","21.32374479","-158.0886127"
"06/08/2019","AQS","150030010","1","6.4","ppb","6","Kapolei","24","100.0000","42602","Nitrogen dioxide (NO2)","46520","Urban Honolulu, HI","15","Hawaii","003","Honolulu","21.32374479","-158.0886127"
"06/09/2019","AQS","150030010","1","10.1","ppb","9","Kapolei","24","100.0000","42602","Nitrogen dioxide (NO2)","46520","Urban Honolulu, HI","15","Hawaii","003","Honolulu","21.32374479","-158.0886127"
"06/10/2019","AQS","150030010","1","17.7","ppb","16","Kapolei","20","83.0000","42602","Nitrogen dioxide (NO2)","46520","Urban Honolulu, HI","15","Hawaii","003","Honolulu","21.32374479","-158.0886127"
"06/11/2019","AQS","150030010","1","5.8","ppb","5","Kapolei","24","100.0000","42602","Nitrogen dioxide (NO2)","46520","Urban Honolulu, HI","15","Hawaii","003","Honolulu","21.32374479","-158.0886127"
"06/12/2019","AQS","150030010","1","7.8","ppb","7","Kapolei","19","79.0000","42602","Nitrogen dioxide (NO2)","46520","Urban Honolulu, HI","15","Hawaii","003","Honolulu","21.32374479","-158.0886127"
"06/13/2019","AQS","150030010","1","9.1","ppb","8","Kapolei","24","100.0000","42602","Nitrogen dioxide (NO2)","46520","Urban Honolulu, HI","15","Hawaii","003","Honolulu","21.32374479","-158.0886127"
"06/14/2019","AQS","150030010","1","6.2","ppb","6","Kapolei","24","100.0000","42602","Nitrogen dioxide (NO2)","46520","Urban Honolulu, HI","15","Hawaii","003","Honolulu","21.32374479","-158.0886127"
"06/15/2019","AQS","150030010","1","4.3","ppb","4","Kapolei","24","100.0000","42602","Nitrogen dioxide (NO2)","46520","Urban Honolulu, HI","15","Hawaii","003","Honolulu","21.32374479","-158.0886127"
"06/16/2019","AQS","150030010","1","7","ppb","7","Kapolei","24","100.0000","42602","Nitrogen dioxide (NO2)","46520","Urban Honolulu, HI","15","Hawaii","003","Honolulu","21.32374479","-158.0886127"
"06/17/2019","AQS","150030010","1","8.2","ppb","8","Kapolei","20","83.0000","42602","Nitrogen dioxide (NO2)","46520","Urban Honolulu, HI","15","Hawaii","003","Honolulu","21.32374479","-158.0886127"
"06/18/2019","AQS","150030010","1","8.4","ppb","8","Kapolei","24","100.0000","42602","Nitrogen dioxide (NO2)","46520","Urban Honolulu, HI","15","Hawaii","003","Honolulu","21.32374479","-158.0886127"
"06/19/2019","AQS","150030010","1","6.3","ppb","6","Kapolei","24","100.0000","42602","Nitrogen dioxide (NO2)","46520","Urban Honolulu, HI","15","Hawaii","003","Honolulu","21.32374479","-158.0886127"
"06/20/2019","AQS","150030010","1","6.1","ppb","6","Kapolei","24","100.0000","42602","Nitrogen dioxide (NO2)","46520","Urban Honolulu, HI","15","Hawaii","003","Honolulu","21.32374479","-158.0886127"
"06/21/2019","AQS","150030010","1","9.2","ppb","8","Kapolei","24","100.0000","42602","Nitrogen dioxide (NO2)","46520","Urban Honolulu, HI","15","Hawaii","003","Honolulu","21.32374479","-158.0886127"
"06/22/2019","AQS","150030010","1","14.4","ppb","13","Kapolei","24","100.0000","42602","Nitrogen dioxide (NO2)","46520","Urban Honolulu, HI","15","Hawaii","003","Honolulu","21.32374479","-158.0886127"
"06/23/2019","AQS","150030010","1","5.8","ppb","5","Kapolei","24","100.0000","42602","Nitrogen dioxide (NO2)","46520","Urban Honolulu, HI","15","Hawaii","003","Honolulu","21.32374479","-158.0886127"
"06/24/2019","AQS","150030010","1","7.8","ppb","7","Kapolei","20","83.0000","42602","Nitrogen dioxide (NO2)","46520","Urban Honolulu, HI","15","Hawaii","003","Honolulu","21.32374479","-158.0886127"
"06/25/2019","AQS","150030010","1","11.1","ppb","10","Kapolei","24","100.0000","42602","Nitrogen dioxide (NO2)","46520","Urban Honolulu, HI","15","Hawaii","003","Honolulu","21.32374479","-158.0886127"
"06/26/2019","AQS","150030010","1","10.1","ppb","9","Kapolei","24","100.0000","42602","Nitrogen dioxide (NO2)","46520","Urban Honolulu, HI","15","Hawaii","003","Honolulu","21.32374479","-158.0886127"
"06/27/2019","AQS","150030010","1","7.8","ppb","7","Kapolei","24","100.0000","42602","Nitrogen dioxide (NO2)","46520","Urban Honolulu, HI","15","Hawaii","003","Honolulu","21.32374479","-158.0886127"
"06/28/2019","AQS","150030010","1","7.4","ppb","7","Kapolei","24","100.0000","42602","Nitrogen dioxide (NO2)","46520","Urban Honolulu, HI","15","Hawaii","003","Honolulu","21.32374479","-158.0886127"
"06/29/2019","AQS","150030010","1","4.9","ppb","4","Kapolei","24","100.0000","42602","Nitrogen dioxide (NO2)","46520","Urban Honolulu, HI","15","Hawaii","003","Honolulu","21.32374479","-158.0886127"
"06/30/2019","AQS","150030010","1","4.9","ppb","4","Kapolei","24","100.0000","42602","Nitrogen dioxide (NO2)","46520","Urban Honolulu, HI","15","Hawaii","003","Honolulu","21.32374479","-158.0886127"
"07/01/2019","AQS","150030010","1","11.8","ppb","10","Kapolei","20","83.0000","42602","Nitrogen dioxide (NO2)","46520","Urban Honolulu, HI","15","Hawaii","003","Honolulu","21.32374479","-158.0886127"
"07/02/2019","AQS","150030010","1","11.7","ppb","10","Kapolei","24","100.0000","42602","Nitrogen dioxide (NO2)","46520","Urban Honolulu, HI","15","Hawaii","003","Honolulu","21.32374479","-158.0886127"
"07/03/2019","AQS","150030010","1","15.7","ppb","14","Kapolei","24","100.0000","42602","Nitrogen dioxide (NO2)","46520","Urban Honolulu, HI","15","Hawaii","003","Honolulu","21.32374479","-158.0886127"
"07/04/2019","AQS","150030010","1","10","ppb","9","Kapolei","24","100.0000","42602","Nitrogen dioxide (NO2)","46520","Urban Honolulu, HI","15","Hawaii","003","Honolulu","21.32374479","-158.0886127"
"07/05/2019","AQS","150030010","1","12.4","ppb","11","Kapolei","24","100.0000","42602","Nitrogen dioxide (NO2)","46520","Urban Honolulu, HI","15","Hawaii","003","Honolulu","21.32374479","-158.0886127"
"07/06/2019","AQS","150030010","1","8.6","ppb","8","Kapolei","24","100.0000","42602","Nitrogen dioxide (NO2)","46520","Urban Honolulu, HI","15","Hawaii","003","Honolulu","21.32374479","-158.0886127"
"07/07/2019","AQS","150030010","1","6.4","ppb","6","Kapolei","24","100.0000","42602","Nitrogen dioxide (NO2)","46520","Urban Honolulu, HI","15","Hawaii","003","Honolulu","21.32374479","-158.0886127"
"07/08/2019","AQS","150030010","1","5.1","ppb","5","Kapolei","20","83.0000","42602","Nitrogen dioxide (NO2)","46520","Urban Honolulu, HI","15","Hawaii","003","Honolulu","21.32374479","-158.0886127"
"07/09/2019","AQS","150030010","1","11.3","ppb","10","Kapolei","24","100.0000","42602","Nitrogen dioxide (NO2)","46520","Urban Honolulu, HI","15","Hawaii","003","Honolulu","21.32374479","-158.0886127"
"07/10/2019","AQS","150030010","1","8.7","ppb","8","Kapolei","24","100.0000","42602","Nitrogen dioxide (NO2)","46520","Urban Honolulu, HI","15","Hawaii","003","Honolulu","21.32374479","-158.0886127"
"07/11/2019","AQS","150030010","1","5.6","ppb","5","Kapolei","24","100.0000","42602","Nitrogen dioxide (NO2)","46520","Urban Honolulu, HI","15","Hawaii","003","Honolulu","21.32374479","-158.0886127"
"07/12/2019","AQS","150030010","1","6","ppb","6","Kapolei","24","100.0000","42602","Nitrogen dioxide (NO2)","46520","Urban Honolulu, HI","15","Hawaii","003","Honolulu","21.32374479","-158.0886127"
"07/13/2019","AQS","150030010","1","8.4","ppb","8","Kapolei","24","100.0000","42602","Nitrogen dioxide (NO2)","46520","Urban Honolulu, HI","15","Hawaii","003","Honolulu","21.32374479","-158.0886127"
"07/14/2019","AQS","150030010","1","6.5","ppb","6","Kapolei","24","100.0000","42602","Nitrogen dioxide (NO2)","46520","Urban Honolulu, HI","15","Hawaii","003","Honolulu","21.32374479","-158.0886127"
"07/15/2019","AQS","150030010","1","6.1","ppb","6","Kapolei","20","83.0000","42602","Nitrogen dioxide (NO2)","46520","Urban Honolulu, HI","15","Hawaii","003","Honolulu","21.32374479","-158.0886127"
"07/16/2019","AQS","150030010","1","10.7","ppb","9","Kapolei","22","92.0000","42602","Nitrogen dioxide (NO2)","46520","Urban Honolulu, HI","15","Hawaii","003","Honolulu","21.32374479","-158.0886127"
"07/17/2019","AQS","150030010","1","8.3","ppb","8","Kapolei","24","100.0000","42602","Nitrogen dioxide (NO2)","46520","Urban Honolulu, HI","15","Hawaii","003","Honolulu","21.32374479","-158.0886127"
"07/18/2019","AQS","150030010","1","6.7","ppb","6","Kapolei","24","100.0000","42602","Nitrogen dioxide (NO2)","46520","Urban Honolulu, HI","15","Hawaii","003","Honolulu","21.32374479","-158.0886127"
"07/19/2019","AQS","150030010","1","6.8","ppb","6","Kapolei","24","100.0000","42602","Nitrogen dioxide (NO2)","46520","Urban Honolulu, HI","15","Hawaii","003","Honolulu","21.32374479","-158.0886127"
"07/20/2019","AQS","150030010","1","3.9","ppb","3","Kapolei","24","100.0000","42602","Nitrogen dioxide (NO2)","46520","Urban Honolulu, HI","15","Hawaii","003","Honolulu","21.32374479","-158.0886127"
"07/21/2019","AQS","150030010","1","7.9","ppb","7","Kapolei","24","100.0000","42602","Nitrogen dioxide (NO2)","46520","Urban Honolulu, HI","15","Hawaii","003","Honolulu","21.32374479","-158.0886127"
"07/22/2019","AQS","150030010","1","10.9","ppb","9","Kapolei","20","83.0000","42602","Nitrogen dioxide (NO2)","46520","Urban Honolulu, HI","15","Hawaii","003","Honolulu","21.32374479","-158.0886127"
"07/23/2019","AQS","150030010","1","10.2","ppb","9","Kapolei","24","100.0000","42602","Nitrogen dioxide (NO2)","46520","Urban Honolulu, HI","15","Hawaii","003","Honolulu","21.32374479","-158.0886127"
"07/24/2019","AQS","150030010","1","11.2","ppb","10","Kapolei","24","100.0000","42602","Nitrogen dioxide (NO2)","46520","Urban Honolulu, HI","15","Hawaii","003","Honolulu","21.32374479","-158.0886127"
"07/25/2019","AQS","150030010","1","7.4","ppb","7","Kapolei","24","100.0000","42602","Nitrogen dioxide (NO2)","46520","Urban Honolulu, HI","15","Hawaii","003","Honolulu","21.32374479","-158.0886127"
"07/26/2019","AQS","150030010","1","4.1","ppb","4","Kapolei","24","100.0000","42602","Nitrogen dioxide (NO2)","46520","Urban Honolulu, HI","15","Hawaii","003","Honolulu","21.32374479","-158.0886127"
"07/27/2019","AQS","150030010","1","3.9","ppb","3","Kapolei","24","100.0000","42602","Nitrogen dioxide (NO2)","46520","Urban Honolulu, HI","15","Hawaii","003","Honolulu","21.32374479","-158.0886127"
"07/28/2019","AQS","150030010","1","4.7","ppb","4","Kapolei","24","100.0000","42602","Nitrogen dioxide (NO2)","46520","Urban Honolulu, HI","15","Hawaii","003","Honolulu","21.32374479","-158.0886127"
"07/30/2019","AQS","150030010","1","7.4","ppb","7","Kapolei","24","100.0000","42602","Nitrogen dioxide (NO2)","46520","Urban Honolulu, HI","15","Hawaii","003","Honolulu","21.32374479","-158.0886127"
"07/31/2019","AQS","150030010","1","4.8","ppb","4","Kapolei","24","100.0000","42602","Nitrogen dioxide (NO2)","46520","Urban Honolulu, HI","15","Hawaii","003","Honolulu","21.32374479","-158.0886127"
"08/01/2019","AQS","150030010","1","5.1","ppb","5","Kapolei","24","100.0000","42602","Nitrogen dioxide (NO2)","46520","Urban Honolulu, HI","15","Hawaii","003","Honolulu","21.32374479","-158.0886127"
"08/02/2019","AQS","150030010","1","4.7","ppb","4","Kapolei","24","100.0000","42602","Nitrogen dioxide (NO2)","46520","Urban Honolulu, HI","15","Hawaii","003","Honolulu","21.32374479","-158.0886127"
"08/03/2019","AQS","150030010","1","5.3","ppb","5","Kapolei","24","100.0000","42602","Nitrogen dioxide (NO2)","46520","Urban Honolulu, HI","15","Hawaii","003","Honolulu","21.32374479","-158.0886127"
"08/04/2019","AQS","150030010","1","7.7","ppb","7","Kapolei","24","100.0000","42602","Nitrogen dioxide (NO2)","46520","Urban Honolulu, HI","15","Hawaii","003","Honolulu","21.32374479","-158.0886127"
"08/05/2019","AQS","150030010","1","9.6","ppb","8","Kapolei","20","83.0000","42602","Nitrogen dioxide (NO2)","46520","Urban Honolulu, HI","15","Hawaii","003","Honolulu","21.32374479","-158.0886127"
"08/06/2019","AQS","150030010","1","13.5","ppb","12","Kapolei","24","100.0000","42602","Nitrogen dioxide (NO2)","46520","Urban Honolulu, HI","15","Hawaii","003","Honolulu","21.32374479","-158.0886127"
"08/07/2019","AQS","150030010","1","8.8","ppb","8","Kapolei","24","100.0000","42602","Nitrogen dioxide (NO2)","46520","Urban Honolulu, HI","15","Hawaii","003","Honolulu","21.32374479","-158.0886127"
"08/08/2019","AQS","150030010","1","12.2","ppb","11","Kapolei","24","100.0000","42602","Nitrogen dioxide (NO2)","46520","Urban Honolulu, HI","15","Hawaii","003","Honolulu","21.32374479","-158.0886127"
"08/09/2019","AQS","150030010","1","12.6","ppb","11","Kapolei","24","100.0000","42602","Nitrogen dioxide (NO2)","46520","Urban Honolulu, HI","15","Hawaii","003","Honolulu","21.32374479","-158.0886127"
"08/10/2019","AQS","150030010","1","9.3","ppb","8","Kapolei","24","100.0000","42602","Nitrogen dioxide (NO2)","46520","Urban Honolulu, HI","15","Hawaii","003","Honolulu","21.32374479","-158.0886127"
"08/11/2019","AQS","150030010","1","8.7","ppb","8","Kapolei","24","100.0000","42602","Nitrogen dioxide (NO2)","46520","Urban Honolulu, HI","15","Hawaii","003","Honolulu","21.32374479","-158.0886127"
"08/12/2019","AQS","150030010","1","7.9","ppb","7","Kapolei","20","83.0000","42602","Nitrogen dioxide (NO2)","46520","Urban Honolulu, HI","15","Hawaii","003","Honolulu","21.32374479","-158.0886127"
"08/13/2019","AQS","150030010","1","17.8","ppb","16","Kapolei","24","100.0000","42602","Nitrogen dioxide (NO2)","46520","Urban Honolulu, HI","15","Hawaii","003","Honolulu","21.32374479","-158.0886127"
"08/14/2019","AQS","150030010","1","16.6","ppb","15","Kapolei","24","100.0000","42602","Nitrogen dioxide (NO2)","46520","Urban Honolulu, HI","15","Hawaii","003","Honolulu","21.32374479","-158.0886127"
"08/15/2019","AQS","150030010","1","11.9","ppb","10","Kapolei","24","100.0000","42602","Nitrogen dioxide (NO2)","46520","Urban Honolulu, HI","15","Hawaii","003","Honolulu","21.32374479","-158.0886127"
"08/16/2019","AQS","150030010","1","6.7","ppb","6","Kapolei","24","100.0000","42602","Nitrogen dioxide (NO2)","46520","Urban Honolulu, HI","15","Hawaii","003","Honolulu","21.32374479","-158.0886127"
"08/17/2019","AQS","150030010","1","7.1","ppb","7","Kapolei","24","100.0000","42602","Nitrogen dioxide (NO2)","46520","Urban Honolulu, HI","15","Hawaii","003","Honolulu","21.32374479","-158.0886127"
"08/18/2019","AQS","150030010","1","3.9","ppb","3","Kapolei","24","100.0000","42602","Nitrogen dioxide (NO2)","46520","Urban Honolulu, HI","15","Hawaii","003","Honolulu","21.32374479","-158.0886127"
"08/19/2019","AQS","150030010","1","7.6","ppb","7","Kapolei","20","83.0000","42602","Nitrogen dioxide (NO2)","46520","Urban Honolulu, HI","15","Hawaii","003","Honolulu","21.32374479","-158.0886127"
"08/20/2019","AQS","150030010","1","4.9","ppb","4","Kapolei","24","100.0000","42602","Nitrogen dioxide (NO2)","46520","Urban Honolulu, HI","15","Hawaii","003","Honolulu","21.32374479","-158.0886127"
"08/22/2019","AQS","150030010","1","5.9","ppb","5","Kapolei","24","100.0000","42602","Nitrogen dioxide (NO2)","46520","Urban Honolulu, HI","15","Hawaii","003","Honolulu","21.32374479","-158.0886127"
"08/23/2019","AQS","150030010","1","9.2","ppb","8","Kapolei","24","100.0000","42602","Nitrogen dioxide (NO2)","46520","Urban Honolulu, HI","15","Hawaii","003","Honolulu","21.32374479","-158.0886127"
"08/24/2019","AQS","150030010","1","7.8","ppb","7","Kapolei","24","100.0000","42602","Nitrogen dioxide (NO2)","46520","Urban Honolulu, HI","15","Hawaii","003","Honolulu","21.32374479","-158.0886127"
"08/25/2019","AQS","150030010","1","7.1","ppb","7","Kapolei","24","100.0000","42602","Nitrogen dioxide (NO2)","46520","Urban Honolulu, HI","15","Hawaii","003","Honolulu","21.32374479","-158.0886127"
"08/27/2019","AQS","150030010","1","5.4","ppb","5","Kapolei","24","100.0000","42602","Nitrogen dioxide (NO2)","46520","Urban Honolulu, HI","15","Hawaii","003","Honolulu","21.32374479","-158.0886127"
"08/28/2019","AQS","150030010","1","6.1","ppb","6","Kapolei","24","100.0000","42602","Nitrogen dioxide (NO2)","46520","Urban Honolulu, HI","15","Hawaii","003","Honolulu","21.32374479","-158.0886127"
"08/29/2019","AQS","150030010","1","13.4","ppb","12","Kapolei","24","100.0000","42602","Nitrogen dioxide (NO2)","46520","Urban Honolulu, HI","15","Hawaii","003","Honolulu","21.32374479","-158.0886127"
"08/30/2019","AQS","150030010","1","7.6","ppb","7","Kapolei","24","100.0000","42602","Nitrogen dioxide (NO2)","46520","Urban Honolulu, HI","15","Hawaii","003","Honolulu","21.32374479","-158.0886127"
"08/31/2019","AQS","150030010","1","3.5","ppb","3","Kapolei","24","100.0000","42602","Nitrogen dioxide (NO2)","46520","Urban Honolulu, HI","15","Hawaii","003","Honolulu","21.32374479","-158.0886127"
"09/01/2019","AQS","150030010","1","5.4","ppb","5","Kapolei","24","100.0000","42602","Nitrogen dioxide (NO2)","46520","Urban Honolulu, HI","15","Hawaii","003","Honolulu","21.32374479","-158.0886127"
"09/07/2019","AQS","150030010","1","6.5","ppb","6","Kapolei","24","100.0000","42602","Nitrogen dioxide (NO2)","46520","Urban Honolulu, HI","15","Hawaii","003","Honolulu","21.32374479","-158.0886127"
"09/08/2019","AQS","150030010","1","9","ppb","8","Kapolei","24","100.0000","42602","Nitrogen dioxide (NO2)","46520","Urban Honolulu, HI","15","Hawaii","003","Honolulu","21.32374479","-158.0886127"
"09/09/2019","AQS","150030010","1","6.7","ppb","6","Kapolei","20","83.0000","42602","Nitrogen dioxide (NO2)","46520","Urban Honolulu, HI","15","Hawaii","003","Honolulu","21.32374479","-158.0886127"
"09/10/2019","AQS","150030010","1","7.9","ppb","7","Kapolei","24","100.0000","42602","Nitrogen dioxide (NO2)","46520","Urban Honolulu, HI","15","Hawaii","003","Honolulu","21.32374479","-158.0886127"
"09/11/2019","AQS","150030010","1","6.4","ppb","6","Kapolei","24","100.0000","42602","Nitrogen dioxide (NO2)","46520","Urban Honolulu, HI","15","Hawaii","003","Honolulu","21.32374479","-158.0886127"
"09/12/2019","AQS","150030010","1","5.6","ppb","5","Kapolei","24","100.0000","42602","Nitrogen dioxide (NO2)","46520","Urban Honolulu, HI","15","Hawaii","003","Honolulu","21.32374479","-158.0886127"
"09/13/2019","AQS","150030010","1","16.4","ppb","15","Kapolei","24","100.0000","42602","Nitrogen dioxide (NO2)","46520","Urban Honolulu, HI","15","Hawaii","003","Honolulu","21.32374479","-158.0886127"
"09/14/2019","AQS","150030010","1","8.9","ppb","8","Kapolei","24","100.0000","42602","Nitrogen dioxide (NO2)","46520","Urban Honolulu, HI","15","Hawaii","003","Honolulu","21.32374479","-158.0886127"
"09/15/2019","AQS","150030010","1","14.4","ppb","13","Kapolei","24","100.0000","42602","Nitrogen dioxide (NO2)","46520","Urban Honolulu, HI","15","Hawaii","003","Honolulu","21.32374479","-158.0886127"
"09/17/2019","AQS","150030010","1","12.2","ppb","11","Kapolei","24","100.0000","42602","Nitrogen dioxide (NO2)","46520","Urban Honolulu, HI","15","Hawaii","003","Honolulu","21.32374479","-158.0886127"
"09/18/2019","AQS","150030010","1","10.4","ppb","9","Kapolei","24","100.0000","42602","Nitrogen dioxide (NO2)","46520","Urban Honolulu, HI","15","Hawaii","003","Honolulu","21.32374479","-158.0886127"
"09/19/2019","AQS","150030010","1","8.2","ppb","8","Kapolei","24","100.0000","42602","Nitrogen dioxide (NO2)","46520","Urban Honolulu, HI","15","Hawaii","003","Honolulu","21.32374479","-158.0886127"
"09/20/2019","AQS","150030010","1","10.4","ppb","9","Kapolei","24","100.0000","42602","Nitrogen dioxide (NO2)","46520","Urban Honolulu, HI","15","Hawaii","003","Honolulu","21.32374479","-158.0886127"
"09/21/2019","AQS","150030010","1","4","ppb","4","Kapolei","24","100.0000","42602","Nitrogen dioxide (NO2)","46520","Urban Honolulu, HI","15","Hawaii","003","Honolulu","21.32374479","-158.0886127"
"09/22/2019","AQS","150030010","1","9.7","ppb","8","Kapolei","24","100.0000","42602","Nitrogen dioxide (NO2)","46520","Urban Honolulu, HI","15","Hawaii","003","Honolulu","21.32374479","-158.0886127"
"09/23/2019","AQS","150030010","1","9.2","ppb","8","Kapolei","20","83.0000","42602","Nitrogen dioxide (NO2)","46520","Urban Honolulu, HI","15","Hawaii","003","Honolulu","21.32374479","-158.0886127"
"09/24/2019","AQS","150030010","1","11.5","ppb","10","Kapolei","24","100.0000","42602","Nitrogen dioxide (NO2)","46520","Urban Honolulu, HI","15","Hawaii","003","Honolulu","21.32374479","-158.0886127"
"09/25/2019","AQS","150030010","1","19.6","ppb","18","Kapolei","24","100.0000","42602","Nitrogen dioxide (NO2)","46520","Urban Honolulu, HI","15","Hawaii","003","Honolulu","21.32374479","-158.0886127"
"09/26/2019","AQS","150030010","1","12.5","ppb","11","Kapolei","24","100.0000","42602","Nitrogen dioxide (NO2)","46520","Urban Honolulu, HI","15","Hawaii","003","Honolulu","21.32374479","-158.0886127"
"09/27/2019","AQS","150030010","1","11.5","ppb","10","Kapolei","24","100.0000","42602","Nitrogen dioxide (NO2)","46520","Urban Honolulu, HI","15","Hawaii","003","Honolulu","21.32374479","-158.0886127"
"09/28/2019","AQS","150030010","1","4.9","ppb","4","Kapolei","24","100.0000","42602","Nitrogen dioxide (NO2)","46520","Urban Honolulu, HI","15","Hawaii","003","Honolulu","21.32374479","-158.0886127"
"09/29/2019","AQS","150030010","1","7.6","ppb","7","Kapolei","24","100.0000","42602","Nitrogen dioxide (NO2)","46520","Urban Honolulu, HI","15","Hawaii","003","Honolulu","21.32374479","-158.0886127"
"09/30/2019","AQS","150030010","1","6","ppb","6","Kapolei","20","83.0000","42602","Nitrogen dioxide (NO2)","46520","Urban Honolulu, HI","15","Hawaii","003","Honolulu","21.32374479","-158.0886127"
