Date,Source,Site ID,POC,Daily Max 1-hour NO2 Concentration,UNITS,DAILY_AQI_VALUE,Site Name,DAILY_OBS_COUNT,PERCENT_COMPLETE,AQS_PARAMETER_CODE,AQS_PARAMETER_DESC,CBSA_CODE,CBSA_NAME,STATE_CODE,STATE,COUNTY_CODE,COUNTY,SITE_LATITUDE,SITE_LONGITUDE
1/1/2020,AQS,490352005,1,19.6,ppb,18,,24,100,42602,Nitrogen dioxide (NO2),41620,"Salt Lake City, UT",49,Utah,35,Salt Lake,40.598056,-111.894167
1/2/2020,AQS,490352005,1,39.3,ppb,37,,24,100,42602,Nitrogen dioxide (NO2),41620,"Salt Lake City, UT",49,Utah,35,Salt Lake,40.598056,-111.894167
1/3/2020,AQS,490352005,1,37.8,ppb,35,,24,100,42602,Nitrogen dioxide (NO2),41620,"Salt Lake City, UT",49,Utah,35,Salt Lake,40.598056,-111.894167
1/4/2020,AQS,490352005,1,34.8,ppb,32,,23,96,42602,Nitrogen dioxide (NO2),41620,"Salt Lake City, UT",49,Utah,35,Salt Lake,40.598056,-111.894167
1/5/2020,AQS,490352005,1,35.5,ppb,33,,23,96,42602,Nitrogen dioxide (NO2),41620,"Salt Lake City, UT",49,Utah,35,Salt Lake,40.598056,-111.894167
1/6/2020,AQS,490352005,1,36.5,ppb,34,,24,100,42602,Nitrogen dioxide (NO2),41620,"Salt Lake City, UT",49,Utah,35,Salt Lake,40.598056,-111.894167
1/7/2020,AQS,490352005,1,27.4,ppb,25,,24,100,42602,Nitrogen dioxide (NO2),41620,"Salt Lake City, UT",49,Utah,35,Salt Lake,40.598056,-111.894167
1/8/2020,AQS,490352005,1,34.7,ppb,32,,24,100,42602,Nitrogen dioxide (NO2),41620,"Salt Lake City, UT",49,Utah,35,Salt Lake,40.598056,-111.894167
1/9/2020,AQS,490352005,1,31.3,ppb,29,,22,92,42602,Nitrogen dioxide (NO2),41620,"Salt Lake City, UT",49,Utah,35,Salt Lake,40.598056,-111.894167
1/10/2020,AQS,490352005,1,35.4,ppb,33,,24,100,42602,Nitrogen dioxide (NO2),41620,"Salt Lake City, UT",49,Utah,35,Salt Lake,40.598056,-111.894167
1/11/2020,AQS,490352005,1,33.4,ppb,31,,23,96,42602,Nitrogen dioxide (NO2),41620,"Salt Lake City, UT",49,Utah,35,Salt Lake,40.598056,-111.894167
1/12/2020,AQS,490352005,1,15.7,ppb,14,,23,96,42602,Nitrogen dioxide (NO2),41620,"Salt Lake City, UT",49,Utah,35,Salt Lake,40.598056,-111.894167
1/13/2020,AQS,490352005,1,37.6,ppb,35,,24,100,42602,Nitrogen dioxide (NO2),41620,"Salt Lake City, UT",49,Utah,35,Salt Lake,40.598056,-111.894167
1/14/2020,AQS,490352005,1,45.3,ppb,42,,24,100,42602,Nitrogen dioxide (NO2),41620,"Salt Lake City, UT",49,Utah,35,Salt Lake,40.598056,-111.894167
1/15/2020,AQS,490352005,1,49.3,ppb,46,,24,100,42602,Nitrogen dioxide (NO2),41620,"Salt Lake City, UT",49,Utah,35,Salt Lake,40.598056,-111.894167
1/16/2020,AQS,490352005,1,42.3,ppb,40,,24,100,42602,Nitrogen dioxide (NO2),41620,"Salt Lake City, UT",49,Utah,35,Salt Lake,40.598056,-111.894167
1/17/2020,AQS,490352005,1,42.1,ppb,40,,24,100,42602,Nitrogen dioxide (NO2),41620,"Salt Lake City, UT",49,Utah,35,Salt Lake,40.598056,-111.894167
1/18/2020,AQS,490352005,1,43.1,ppb,41,,23,96,42602,Nitrogen dioxide (NO2),41620,"Salt Lake City, UT",49,Utah,35,Salt Lake,40.598056,-111.894167
1/19/2020,AQS,490352005,1,42,ppb,40,,23,96,42602,Nitrogen dioxide (NO2),41620,"Salt Lake City, UT",49,Utah,35,Salt Lake,40.598056,-111.894167
1/20/2020,AQS,490352005,1,60.5,ppb,57,,24,100,42602,Nitrogen dioxide (NO2),41620,"Salt Lake City, UT",49,Utah,35,Salt Lake,40.598056,-111.894167
1/21/2020,AQS,490352005,1,46.9,ppb,43,,24,100,42602,Nitrogen dioxide (NO2),41620,"Salt Lake City, UT",49,Utah,35,Salt Lake,40.598056,-111.894167
1/22/2020,AQS,490352005,1,39.6,ppb,37,,24,100,42602,Nitrogen dioxide (NO2),41620,"Salt Lake City, UT",49,Utah,35,Salt Lake,40.598056,-111.894167
1/23/2020,AQS,490352005,1,35.3,ppb,33,,24,100,42602,Nitrogen dioxide (NO2),41620,"Salt Lake City, UT",49,Utah,35,Salt Lake,40.598056,-111.894167
1/24/2020,AQS,490352005,1,36,ppb,34,,23,96,42602,Nitrogen dioxide (NO2),41620,"Salt Lake City, UT",49,Utah,35,Salt Lake,40.598056,-111.894167
1/25/2020,AQS,490352005,1,29.9,ppb,27,,23,96,42602,Nitrogen dioxide (NO2),41620,"Salt Lake City, UT",49,Utah,35,Salt Lake,40.598056,-111.894167
1/26/2020,AQS,490352005,1,25.4,ppb,24,,23,96,42602,Nitrogen dioxide (NO2),41620,"Salt Lake City, UT",49,Utah,35,Salt Lake,40.598056,-111.894167
1/27/2020,AQS,490352005,1,38.2,ppb,36,,24,100,42602,Nitrogen dioxide (NO2),41620,"Salt Lake City, UT",49,Utah,35,Salt Lake,40.598056,-111.894167
1/28/2020,AQS,490352005,1,32.4,ppb,30,,24,100,42602,Nitrogen dioxide (NO2),41620,"Salt Lake City, UT",49,Utah,35,Salt Lake,40.598056,-111.894167
1/29/2020,AQS,490352005,1,35.8,ppb,33,,24,100,42602,Nitrogen dioxide (NO2),41620,"Salt Lake City, UT",49,Utah,35,Salt Lake,40.598056,-111.894167
1/30/2020,AQS,490352005,1,34.7,ppb,32,,24,100,42602,Nitrogen dioxide (NO2),41620,"Salt Lake City, UT",49,Utah,35,Salt Lake,40.598056,-111.894167
1/31/2020,AQS,490352005,1,41.2,ppb,39,,24,100,42602,Nitrogen dioxide (NO2),41620,"Salt Lake City, UT",49,Utah,35,Salt Lake,40.598056,-111.894167
2/1/2020,AQS,490352005,1,38.2,ppb,36,,23,96,42602,Nitrogen dioxide (NO2),41620,"Salt Lake City, UT",49,Utah,35,Salt Lake,40.598056,-111.894167
2/2/2020,AQS,490352005,1,18.9,ppb,17,,22,92,42602,Nitrogen dioxide (NO2),41620,"Salt Lake City, UT",49,Utah,35,Salt Lake,40.598056,-111.894167
2/3/2020,AQS,490352005,1,34,ppb,32,,24,100,42602,Nitrogen dioxide (NO2),41620,"Salt Lake City, UT",49,Utah,35,Salt Lake,40.598056,-111.894167
2/4/2020,AQS,490352005,1,47.8,ppb,44,,24,100,42602,Nitrogen dioxide (NO2),41620,"Salt Lake City, UT",49,Utah,35,Salt Lake,40.598056,-111.894167
2/5/2020,AQS,490352005,1,47.1,ppb,44,,24,100,42602,Nitrogen dioxide (NO2),41620,"Salt Lake City, UT",49,Utah,35,Salt Lake,40.598056,-111.894167
2/6/2020,AQS,490352005,1,42.6,ppb,40,,24,100,42602,Nitrogen dioxide (NO2),41620,"Salt Lake City, UT",49,Utah,35,Salt Lake,40.598056,-111.894167
2/7/2020,AQS,490352005,1,40.5,ppb,38,,24,100,42602,Nitrogen dioxide (NO2),41620,"Salt Lake City, UT",49,Utah,35,Salt Lake,40.598056,-111.894167
2/8/2020,AQS,490352005,1,36.9,ppb,34,,23,96,42602,Nitrogen dioxide (NO2),41620,"Salt Lake City, UT",49,Utah,35,Salt Lake,40.598056,-111.894167
2/9/2020,AQS,490352005,1,31.7,ppb,29,,23,96,42602,Nitrogen dioxide (NO2),41620,"Salt Lake City, UT",49,Utah,35,Salt Lake,40.598056,-111.894167
2/10/2020,AQS,490352005,1,43.9,ppb,41,,24,100,42602,Nitrogen dioxide (NO2),41620,"Salt Lake City, UT",49,Utah,35,Salt Lake,40.598056,-111.894167
2/11/2020,AQS,490352005,1,43.5,ppb,41,,24,100,42602,Nitrogen dioxide (NO2),41620,"Salt Lake City, UT",49,Utah,35,Salt Lake,40.598056,-111.894167
2/12/2020,AQS,490352005,1,42.4,ppb,40,,24,100,42602,Nitrogen dioxide (NO2),41620,"Salt Lake City, UT",49,Utah,35,Salt Lake,40.598056,-111.894167
2/13/2020,AQS,490352005,1,44.8,ppb,42,,24,100,42602,Nitrogen dioxide (NO2),41620,"Salt Lake City, UT",49,Utah,35,Salt Lake,40.598056,-111.894167
2/14/2020,AQS,490352005,1,36.4,ppb,34,,24,100,42602,Nitrogen dioxide (NO2),41620,"Salt Lake City, UT",49,Utah,35,Salt Lake,40.598056,-111.894167
2/15/2020,AQS,490352005,1,37.1,ppb,35,,23,96,42602,Nitrogen dioxide (NO2),41620,"Salt Lake City, UT",49,Utah,35,Salt Lake,40.598056,-111.894167
2/16/2020,AQS,490352005,1,38.5,ppb,36,,23,96,42602,Nitrogen dioxide (NO2),41620,"Salt Lake City, UT",49,Utah,35,Salt Lake,40.598056,-111.894167
2/17/2020,AQS,490352005,1,39.5,ppb,37,,24,100,42602,Nitrogen dioxide (NO2),41620,"Salt Lake City, UT",49,Utah,35,Salt Lake,40.598056,-111.894167
2/18/2020,AQS,490352005,1,41.4,ppb,39,,24,100,42602,Nitrogen dioxide (NO2),41620,"Salt Lake City, UT",49,Utah,35,Salt Lake,40.598056,-111.894167
2/19/2020,AQS,490352005,1,45.3,ppb,42,,24,100,42602,Nitrogen dioxide (NO2),41620,"Salt Lake City, UT",49,Utah,35,Salt Lake,40.598056,-111.894167
2/20/2020,AQS,490352005,1,46.5,ppb,43,,24,100,42602,Nitrogen dioxide (NO2),41620,"Salt Lake City, UT",49,Utah,35,Salt Lake,40.598056,-111.894167
2/21/2020,AQS,490352005,1,51.2,ppb,48,,24,100,42602,Nitrogen dioxide (NO2),41620,"Salt Lake City, UT",49,Utah,35,Salt Lake,40.598056,-111.894167
2/22/2020,AQS,490352005,1,51.9,ppb,48,,23,96,42602,Nitrogen dioxide (NO2),41620,"Salt Lake City, UT",49,Utah,35,Salt Lake,40.598056,-111.894167
2/23/2020,AQS,490352005,1,50.8,ppb,47,,23,96,42602,Nitrogen dioxide (NO2),41620,"Salt Lake City, UT",49,Utah,35,Salt Lake,40.598056,-111.894167
2/24/2020,AQS,490352005,1,15.5,ppb,14,,24,100,42602,Nitrogen dioxide (NO2),41620,"Salt Lake City, UT",49,Utah,35,Salt Lake,40.598056,-111.894167
2/25/2020,AQS,490352005,1,45.3,ppb,42,,24,100,42602,Nitrogen dioxide (NO2),41620,"Salt Lake City, UT",49,Utah,35,Salt Lake,40.598056,-111.894167
2/26/2020,AQS,490352005,1,45.2,ppb,42,,24,100,42602,Nitrogen dioxide (NO2),41620,"Salt Lake City, UT",49,Utah,35,Salt Lake,40.598056,-111.894167
2/27/2020,AQS,490352005,1,44,ppb,42,,24,100,42602,Nitrogen dioxide (NO2),41620,"Salt Lake City, UT",49,Utah,35,Salt Lake,40.598056,-111.894167
2/28/2020,AQS,490352005,1,41.4,ppb,39,,24,100,42602,Nitrogen dioxide (NO2),41620,"Salt Lake City, UT",49,Utah,35,Salt Lake,40.598056,-111.894167
2/29/2020,AQS,490352005,1,12,ppb,11,,22,92,42602,Nitrogen dioxide (NO2),41620,"Salt Lake City, UT",49,Utah,35,Salt Lake,40.598056,-111.894167
1/1/2020,AQS,490353006,1,34.9,ppb,32,Hawthorne,24,100,42602,Nitrogen dioxide (NO2),41620,"Salt Lake City, UT",49,Utah,35,Salt Lake,40.736389,-111.872222
1/2/2020,AQS,490353006,1,38.8,ppb,36,Hawthorne,24,100,42602,Nitrogen dioxide (NO2),41620,"Salt Lake City, UT",49,Utah,35,Salt Lake,40.736389,-111.872222
1/3/2020,AQS,490353006,1,38,ppb,36,Hawthorne,24,100,42602,Nitrogen dioxide (NO2),41620,"Salt Lake City, UT",49,Utah,35,Salt Lake,40.736389,-111.872222
1/4/2020,AQS,490353006,1,38.8,ppb,36,Hawthorne,23,96,42602,Nitrogen dioxide (NO2),41620,"Salt Lake City, UT",49,Utah,35,Salt Lake,40.736389,-111.872222
1/5/2020,AQS,490353006,1,40.2,ppb,38,Hawthorne,23,96,42602,Nitrogen dioxide (NO2),41620,"Salt Lake City, UT",49,Utah,35,Salt Lake,40.736389,-111.872222
1/6/2020,AQS,490353006,1,41.7,ppb,39,Hawthorne,24,100,42602,Nitrogen dioxide (NO2),41620,"Salt Lake City, UT",49,Utah,35,Salt Lake,40.736389,-111.872222
1/7/2020,AQS,490353006,1,43.7,ppb,41,Hawthorne,24,100,42602,Nitrogen dioxide (NO2),41620,"Salt Lake City, UT",49,Utah,35,Salt Lake,40.736389,-111.872222
1/8/2020,AQS,490353006,1,41.8,ppb,39,Hawthorne,24,100,42602,Nitrogen dioxide (NO2),41620,"Salt Lake City, UT",49,Utah,35,Salt Lake,40.736389,-111.872222
1/9/2020,AQS,490353006,1,34.2,ppb,32,Hawthorne,24,100,42602,Nitrogen dioxide (NO2),41620,"Salt Lake City, UT",49,Utah,35,Salt Lake,40.736389,-111.872222
1/10/2020,AQS,490353006,1,39.3,ppb,37,Hawthorne,24,100,42602,Nitrogen dioxide (NO2),41620,"Salt Lake City, UT",49,Utah,35,Salt Lake,40.736389,-111.872222
1/11/2020,AQS,490353006,1,37.8,ppb,35,Hawthorne,23,96,42602,Nitrogen dioxide (NO2),41620,"Salt Lake City, UT",49,Utah,35,Salt Lake,40.736389,-111.872222
1/12/2020,AQS,490353006,1,38.3,ppb,36,Hawthorne,23,96,42602,Nitrogen dioxide (NO2),41620,"Salt Lake City, UT",49,Utah,35,Salt Lake,40.736389,-111.872222
1/13/2020,AQS,490353006,1,44.5,ppb,42,Hawthorne,24,100,42602,Nitrogen dioxide (NO2),41620,"Salt Lake City, UT",49,Utah,35,Salt Lake,40.736389,-111.872222
1/14/2020,AQS,490353006,1,44.8,ppb,42,Hawthorne,24,100,42602,Nitrogen dioxide (NO2),41620,"Salt Lake City, UT",49,Utah,35,Salt Lake,40.736389,-111.872222
1/15/2020,AQS,490353006,1,86.2,ppb,85,Hawthorne,24,100,42602,Nitrogen dioxide (NO2),41620,"Salt Lake City, UT",49,Utah,35,Salt Lake,40.736389,-111.872222
1/16/2020,AQS,490353006,1,45.3,ppb,42,Hawthorne,23,96,42602,Nitrogen dioxide (NO2),41620,"Salt Lake City, UT",49,Utah,35,Salt Lake,40.736389,-111.872222
1/17/2020,AQS,490353006,1,43.5,ppb,41,Hawthorne,24,100,42602,Nitrogen dioxide (NO2),41620,"Salt Lake City, UT",49,Utah,35,Salt Lake,40.736389,-111.872222
1/18/2020,AQS,490353006,1,45.9,ppb,42,Hawthorne,23,96,42602,Nitrogen dioxide (NO2),41620,"Salt Lake City, UT",49,Utah,35,Salt Lake,40.736389,-111.872222
1/19/2020,AQS,490353006,1,45.4,ppb,42,Hawthorne,23,96,42602,Nitrogen dioxide (NO2),41620,"Salt Lake City, UT",49,Utah,35,Salt Lake,40.736389,-111.872222
1/20/2020,AQS,490353006,1,65.3,ppb,63,Hawthorne,24,100,42602,Nitrogen dioxide (NO2),41620,"Salt Lake City, UT",49,Utah,35,Salt Lake,40.736389,-111.872222
1/21/2020,AQS,490353006,1,44.9,ppb,42,Hawthorne,24,100,42602,Nitrogen dioxide (NO2),41620,"Salt Lake City, UT",49,Utah,35,Salt Lake,40.736389,-111.872222
1/22/2020,AQS,490353006,1,42.2,ppb,40,Hawthorne,23,96,42602,Nitrogen dioxide (NO2),41620,"Salt Lake City, UT",49,Utah,35,Salt Lake,40.736389,-111.872222
1/23/2020,AQS,490353006,1,39.4,ppb,37,Hawthorne,24,100,42602,Nitrogen dioxide (NO2),41620,"Salt Lake City, UT",49,Utah,35,Salt Lake,40.736389,-111.872222
1/24/2020,AQS,490353006,1,38.4,ppb,36,Hawthorne,24,100,42602,Nitrogen dioxide (NO2),41620,"Salt Lake City, UT",49,Utah,35,Salt Lake,40.736389,-111.872222
1/25/2020,AQS,490353006,1,34.7,ppb,32,Hawthorne,23,96,42602,Nitrogen dioxide (NO2),41620,"Salt Lake City, UT",49,Utah,35,Salt Lake,40.736389,-111.872222
1/26/2020,AQS,490353006,1,29.8,ppb,27,Hawthorne,23,96,42602,Nitrogen dioxide (NO2),41620,"Salt Lake City, UT",49,Utah,35,Salt Lake,40.736389,-111.872222
1/27/2020,AQS,490353006,1,37.9,ppb,35,Hawthorne,24,100,42602,Nitrogen dioxide (NO2),41620,"Salt Lake City, UT",49,Utah,35,Salt Lake,40.736389,-111.872222
1/28/2020,AQS,490353006,1,37.7,ppb,35,Hawthorne,24,100,42602,Nitrogen dioxide (NO2),41620,"Salt Lake City, UT",49,Utah,35,Salt Lake,40.736389,-111.872222
1/29/2020,AQS,490353006,1,34,ppb,32,Hawthorne,24,100,42602,Nitrogen dioxide (NO2),41620,"Salt Lake City, UT",49,Utah,35,Salt Lake,40.736389,-111.872222
1/30/2020,AQS,490353006,1,40.9,ppb,38,Hawthorne,24,100,42602,Nitrogen dioxide (NO2),41620,"Salt Lake City, UT",49,Utah,35,Salt Lake,40.736389,-111.872222
1/31/2020,AQS,490353006,1,42.5,ppb,40,Hawthorne,20,83,42602,Nitrogen dioxide (NO2),41620,"Salt Lake City, UT",49,Utah,35,Salt Lake,40.736389,-111.872222
2/1/2020,AQS,490353006,1,36.8,ppb,34,Hawthorne,23,96,42602,Nitrogen dioxide (NO2),41620,"Salt Lake City, UT",49,Utah,35,Salt Lake,40.736389,-111.872222
2/2/2020,AQS,490353006,1,39.8,ppb,37,Hawthorne,23,96,42602,Nitrogen dioxide (NO2),41620,"Salt Lake City, UT",49,Utah,35,Salt Lake,40.736389,-111.872222
2/3/2020,AQS,490353006,1,31.9,ppb,29,Hawthorne,24,100,42602,Nitrogen dioxide (NO2),41620,"Salt Lake City, UT",49,Utah,35,Salt Lake,40.736389,-111.872222
2/4/2020,AQS,490353006,1,33.6,ppb,31,Hawthorne,24,100,42602,Nitrogen dioxide (NO2),41620,"Salt Lake City, UT",49,Utah,35,Salt Lake,40.736389,-111.872222
2/5/2020,AQS,490353006,1,45,ppb,42,Hawthorne,24,100,42602,Nitrogen dioxide (NO2),41620,"Salt Lake City, UT",49,Utah,35,Salt Lake,40.736389,-111.872222
2/6/2020,AQS,490353006,1,43.1,ppb,41,Hawthorne,24,100,42602,Nitrogen dioxide (NO2),41620,"Salt Lake City, UT",49,Utah,35,Salt Lake,40.736389,-111.872222
2/7/2020,AQS,490353006,1,41.5,ppb,39,Hawthorne,24,100,42602,Nitrogen dioxide (NO2),41620,"Salt Lake City, UT",49,Utah,35,Salt Lake,40.736389,-111.872222
2/8/2020,AQS,490353006,1,38.6,ppb,36,Hawthorne,23,96,42602,Nitrogen dioxide (NO2),41620,"Salt Lake City, UT",49,Utah,35,Salt Lake,40.736389,-111.872222
2/9/2020,AQS,490353006,1,39,ppb,37,Hawthorne,23,96,42602,Nitrogen dioxide (NO2),41620,"Salt Lake City, UT",49,Utah,35,Salt Lake,40.736389,-111.872222
2/10/2020,AQS,490353006,1,42,ppb,40,Hawthorne,24,100,42602,Nitrogen dioxide (NO2),41620,"Salt Lake City, UT",49,Utah,35,Salt Lake,40.736389,-111.872222
2/11/2020,AQS,490353006,1,43.4,ppb,41,Hawthorne,24,100,42602,Nitrogen dioxide (NO2),41620,"Salt Lake City, UT",49,Utah,35,Salt Lake,40.736389,-111.872222
2/12/2020,AQS,490353006,1,44.3,ppb,42,Hawthorne,24,100,42602,Nitrogen dioxide (NO2),41620,"Salt Lake City, UT",49,Utah,35,Salt Lake,40.736389,-111.872222
2/15/2020,AQS,490353006,1,40.4,ppb,38,Hawthorne,23,96,42602,Nitrogen dioxide (NO2),41620,"Salt Lake City, UT",49,Utah,35,Salt Lake,40.736389,-111.872222
2/16/2020,AQS,490353006,1,42.7,ppb,40,Hawthorne,22,92,42602,Nitrogen dioxide (NO2),41620,"Salt Lake City, UT",49,Utah,35,Salt Lake,40.736389,-111.872222
2/17/2020,AQS,490353006,1,37.3,ppb,35,Hawthorne,23,96,42602,Nitrogen dioxide (NO2),41620,"Salt Lake City, UT",49,Utah,35,Salt Lake,40.736389,-111.872222
2/19/2020,AQS,490353006,1,34.8,ppb,32,Hawthorne,24,100,42602,Nitrogen dioxide (NO2),41620,"Salt Lake City, UT",49,Utah,35,Salt Lake,40.736389,-111.872222
2/20/2020,AQS,490353006,1,49.9,ppb,46,Hawthorne,24,100,42602,Nitrogen dioxide (NO2),41620,"Salt Lake City, UT",49,Utah,35,Salt Lake,40.736389,-111.872222
2/21/2020,AQS,490353006,1,54.8,ppb,51,Hawthorne,24,100,42602,Nitrogen dioxide (NO2),41620,"Salt Lake City, UT",49,Utah,35,Salt Lake,40.736389,-111.872222
2/22/2020,AQS,490353006,1,56.7,ppb,53,Hawthorne,23,96,42602,Nitrogen dioxide (NO2),41620,"Salt Lake City, UT",49,Utah,35,Salt Lake,40.736389,-111.872222
2/23/2020,AQS,490353006,1,51.2,ppb,48,Hawthorne,23,96,42602,Nitrogen dioxide (NO2),41620,"Salt Lake City, UT",49,Utah,35,Salt Lake,40.736389,-111.872222
2/24/2020,AQS,490353006,1,22.2,ppb,21,Hawthorne,24,100,42602,Nitrogen dioxide (NO2),41620,"Salt Lake City, UT",49,Utah,35,Salt Lake,40.736389,-111.872222
2/25/2020,AQS,490353006,1,34.1,ppb,32,Hawthorne,24,100,42602,Nitrogen dioxide (NO2),41620,"Salt Lake City, UT",49,Utah,35,Salt Lake,40.736389,-111.872222
2/26/2020,AQS,490353006,1,44.6,ppb,42,Hawthorne,24,100,42602,Nitrogen dioxide (NO2),41620,"Salt Lake City, UT",49,Utah,35,Salt Lake,40.736389,-111.872222
2/27/2020,AQS,490353006,1,46.2,ppb,43,Hawthorne,24,100,42602,Nitrogen dioxide (NO2),41620,"Salt Lake City, UT",49,Utah,35,Salt Lake,40.736389,-111.872222
2/28/2020,AQS,490353006,1,45.9,ppb,42,Hawthorne,24,100,42602,Nitrogen dioxide (NO2),41620,"Salt Lake City, UT",49,Utah,35,Salt Lake,40.736389,-111.872222
2/29/2020,AQS,490353006,1,37.7,ppb,35,Hawthorne,23,96,42602,Nitrogen dioxide (NO2),41620,"Salt Lake City, UT",49,Utah,35,Salt Lake,40.736389,-111.872222
1/1/2020,AQS,490353006,3,34.1,ppb,32,Hawthorne,23,96,42602,Nitrogen dioxide (NO2),41620,"Salt Lake City, UT",49,Utah,35,Salt Lake,40.736389,-111.872222
1/2/2020,AQS,490353006,3,38.2,ppb,36,Hawthorne,24,100,42602,Nitrogen dioxide (NO2),41620,"Salt Lake City, UT",49,Utah,35,Salt Lake,40.736389,-111.872222
1/3/2020,AQS,490353006,3,36.4,ppb,34,Hawthorne,24,100,42602,Nitrogen dioxide (NO2),41620,"Salt Lake City, UT",49,Utah,35,Salt Lake,40.736389,-111.872222
1/4/2020,AQS,490353006,3,36.9,ppb,34,Hawthorne,24,100,42602,Nitrogen dioxide (NO2),41620,"Salt Lake City, UT",49,Utah,35,Salt Lake,40.736389,-111.872222
1/5/2020,AQS,490353006,3,38.1,ppb,36,Hawthorne,24,100,42602,Nitrogen dioxide (NO2),41620,"Salt Lake City, UT",49,Utah,35,Salt Lake,40.736389,-111.872222
1/6/2020,AQS,490353006,3,39.7,ppb,37,Hawthorne,24,100,42602,Nitrogen dioxide (NO2),41620,"Salt Lake City, UT",49,Utah,35,Salt Lake,40.736389,-111.872222
1/7/2020,AQS,490353006,3,41.8,ppb,39,Hawthorne,23,96,42602,Nitrogen dioxide (NO2),41620,"Salt Lake City, UT",49,Utah,35,Salt Lake,40.736389,-111.872222
1/8/2020,AQS,490353006,3,38.2,ppb,36,Hawthorne,23,96,42602,Nitrogen dioxide (NO2),41620,"Salt Lake City, UT",49,Utah,35,Salt Lake,40.736389,-111.872222
1/9/2020,AQS,490353006,3,30.4,ppb,28,Hawthorne,24,100,42602,Nitrogen dioxide (NO2),41620,"Salt Lake City, UT",49,Utah,35,Salt Lake,40.736389,-111.872222
1/10/2020,AQS,490353006,3,38.1,ppb,36,Hawthorne,24,100,42602,Nitrogen dioxide (NO2),41620,"Salt Lake City, UT",49,Utah,35,Salt Lake,40.736389,-111.872222
1/11/2020,AQS,490353006,3,36.4,ppb,34,Hawthorne,24,100,42602,Nitrogen dioxide (NO2),41620,"Salt Lake City, UT",49,Utah,35,Salt Lake,40.736389,-111.872222
1/12/2020,AQS,490353006,3,37.5,ppb,35,Hawthorne,24,100,42602,Nitrogen dioxide (NO2),41620,"Salt Lake City, UT",49,Utah,35,Salt Lake,40.736389,-111.872222
1/13/2020,AQS,490353006,3,43.1,ppb,41,Hawthorne,24,100,42602,Nitrogen dioxide (NO2),41620,"Salt Lake City, UT",49,Utah,35,Salt Lake,40.736389,-111.872222
1/14/2020,AQS,490353006,3,43.8,ppb,41,Hawthorne,23,96,42602,Nitrogen dioxide (NO2),41620,"Salt Lake City, UT",49,Utah,35,Salt Lake,40.736389,-111.872222
1/15/2020,AQS,490353006,3,44.3,ppb,42,Hawthorne,23,96,42602,Nitrogen dioxide (NO2),41620,"Salt Lake City, UT",49,Utah,35,Salt Lake,40.736389,-111.872222
1/16/2020,AQS,490353006,3,44.9,ppb,42,Hawthorne,23,96,42602,Nitrogen dioxide (NO2),41620,"Salt Lake City, UT",49,Utah,35,Salt Lake,40.736389,-111.872222
1/17/2020,AQS,490353006,3,42.3,ppb,40,Hawthorne,24,100,42602,Nitrogen dioxide (NO2),41620,"Salt Lake City, UT",49,Utah,35,Salt Lake,40.736389,-111.872222
1/18/2020,AQS,490353006,3,43.9,ppb,41,Hawthorne,24,100,42602,Nitrogen dioxide (NO2),41620,"Salt Lake City, UT",49,Utah,35,Salt Lake,40.736389,-111.872222
1/19/2020,AQS,490353006,3,43.1,ppb,41,Hawthorne,24,100,42602,Nitrogen dioxide (NO2),41620,"Salt Lake City, UT",49,Utah,35,Salt Lake,40.736389,-111.872222
1/20/2020,AQS,490353006,3,60.3,ppb,57,Hawthorne,24,100,42602,Nitrogen dioxide (NO2),41620,"Salt Lake City, UT",49,Utah,35,Salt Lake,40.736389,-111.872222
1/21/2020,AQS,490353006,3,37.7,ppb,35,Hawthorne,23,96,42602,Nitrogen dioxide (NO2),41620,"Salt Lake City, UT",49,Utah,35,Salt Lake,40.736389,-111.872222
1/22/2020,AQS,490353006,3,40.3,ppb,38,Hawthorne,22,92,42602,Nitrogen dioxide (NO2),41620,"Salt Lake City, UT",49,Utah,35,Salt Lake,40.736389,-111.872222
1/23/2020,AQS,490353006,3,35.5,ppb,33,Hawthorne,24,100,42602,Nitrogen dioxide (NO2),41620,"Salt Lake City, UT",49,Utah,35,Salt Lake,40.736389,-111.872222
1/24/2020,AQS,490353006,3,36,ppb,34,Hawthorne,24,100,42602,Nitrogen dioxide (NO2),41620,"Salt Lake City, UT",49,Utah,35,Salt Lake,40.736389,-111.872222
1/25/2020,AQS,490353006,3,31.8,ppb,29,Hawthorne,24,100,42602,Nitrogen dioxide (NO2),41620,"Salt Lake City, UT",49,Utah,35,Salt Lake,40.736389,-111.872222
1/26/2020,AQS,490353006,3,25.5,ppb,24,Hawthorne,24,100,42602,Nitrogen dioxide (NO2),41620,"Salt Lake City, UT",49,Utah,35,Salt Lake,40.736389,-111.872222
1/27/2020,AQS,490353006,3,37,ppb,35,Hawthorne,24,100,42602,Nitrogen dioxide (NO2),41620,"Salt Lake City, UT",49,Utah,35,Salt Lake,40.736389,-111.872222
1/28/2020,AQS,490353006,3,36.2,ppb,34,Hawthorne,23,96,42602,Nitrogen dioxide (NO2),41620,"Salt Lake City, UT",49,Utah,35,Salt Lake,40.736389,-111.872222
1/29/2020,AQS,490353006,3,33,ppb,31,Hawthorne,23,96,42602,Nitrogen dioxide (NO2),41620,"Salt Lake City, UT",49,Utah,35,Salt Lake,40.736389,-111.872222
1/30/2020,AQS,490353006,3,32.7,ppb,30,Hawthorne,24,100,42602,Nitrogen dioxide (NO2),41620,"Salt Lake City, UT",49,Utah,35,Salt Lake,40.736389,-111.872222
1/31/2020,AQS,490353006,3,39.1,ppb,37,Hawthorne,24,100,42602,Nitrogen dioxide (NO2),41620,"Salt Lake City, UT",49,Utah,35,Salt Lake,40.736389,-111.872222
2/1/2020,AQS,490353006,3,34.7,ppb,32,Hawthorne,24,100,42602,Nitrogen dioxide (NO2),41620,"Salt Lake City, UT",49,Utah,35,Salt Lake,40.736389,-111.872222
2/2/2020,AQS,490353006,3,37.7,ppb,35,Hawthorne,24,100,42602,Nitrogen dioxide (NO2),41620,"Salt Lake City, UT",49,Utah,35,Salt Lake,40.736389,-111.872222
2/3/2020,AQS,490353006,3,30.2,ppb,28,Hawthorne,24,100,42602,Nitrogen dioxide (NO2),41620,"Salt Lake City, UT",49,Utah,35,Salt Lake,40.736389,-111.872222
2/4/2020,AQS,490353006,3,31.6,ppb,29,Hawthorne,23,96,42602,Nitrogen dioxide (NO2),41620,"Salt Lake City, UT",49,Utah,35,Salt Lake,40.736389,-111.872222
2/5/2020,AQS,490353006,3,43.1,ppb,41,Hawthorne,23,96,42602,Nitrogen dioxide (NO2),41620,"Salt Lake City, UT",49,Utah,35,Salt Lake,40.736389,-111.872222
2/6/2020,AQS,490353006,3,42.3,ppb,40,Hawthorne,24,100,42602,Nitrogen dioxide (NO2),41620,"Salt Lake City, UT",49,Utah,35,Salt Lake,40.736389,-111.872222
2/7/2020,AQS,490353006,3,41.6,ppb,39,Hawthorne,24,100,42602,Nitrogen dioxide (NO2),41620,"Salt Lake City, UT",49,Utah,35,Salt Lake,40.736389,-111.872222
2/8/2020,AQS,490353006,3,38.3,ppb,36,Hawthorne,24,100,42602,Nitrogen dioxide (NO2),41620,"Salt Lake City, UT",49,Utah,35,Salt Lake,40.736389,-111.872222
2/9/2020,AQS,490353006,3,38.4,ppb,36,Hawthorne,24,100,42602,Nitrogen dioxide (NO2),41620,"Salt Lake City, UT",49,Utah,35,Salt Lake,40.736389,-111.872222
2/10/2020,AQS,490353006,3,41.1,ppb,39,Hawthorne,24,100,42602,Nitrogen dioxide (NO2),41620,"Salt Lake City, UT",49,Utah,35,Salt Lake,40.736389,-111.872222
2/11/2020,AQS,490353006,3,41.4,ppb,39,Hawthorne,22,92,42602,Nitrogen dioxide (NO2),41620,"Salt Lake City, UT",49,Utah,35,Salt Lake,40.736389,-111.872222
2/12/2020,AQS,490353006,3,42.4,ppb,40,Hawthorne,23,96,42602,Nitrogen dioxide (NO2),41620,"Salt Lake City, UT",49,Utah,35,Salt Lake,40.736389,-111.872222
2/13/2020,AQS,490353006,3,40.1,ppb,38,Hawthorne,24,100,42602,Nitrogen dioxide (NO2),41620,"Salt Lake City, UT",49,Utah,35,Salt Lake,40.736389,-111.872222
2/14/2020,AQS,490353006,3,45.6,ppb,42,Hawthorne,21,88,42602,Nitrogen dioxide (NO2),41620,"Salt Lake City, UT",49,Utah,35,Salt Lake,40.736389,-111.872222
2/15/2020,AQS,490353006,3,36.3,ppb,34,Hawthorne,24,100,42602,Nitrogen dioxide (NO2),41620,"Salt Lake City, UT",49,Utah,35,Salt Lake,40.736389,-111.872222
2/16/2020,AQS,490353006,3,37.9,ppb,35,Hawthorne,24,100,42602,Nitrogen dioxide (NO2),41620,"Salt Lake City, UT",49,Utah,35,Salt Lake,40.736389,-111.872222
2/17/2020,AQS,490353006,3,34.4,ppb,32,Hawthorne,23,96,42602,Nitrogen dioxide (NO2),41620,"Salt Lake City, UT",49,Utah,35,Salt Lake,40.736389,-111.872222
2/19/2020,AQS,490353006,3,30.3,ppb,28,Hawthorne,23,96,42602,Nitrogen dioxide (NO2),41620,"Salt Lake City, UT",49,Utah,35,Salt Lake,40.736389,-111.872222
2/20/2020,AQS,490353006,3,44.5,ppb,42,Hawthorne,24,100,42602,Nitrogen dioxide (NO2),41620,"Salt Lake City, UT",49,Utah,35,Salt Lake,40.736389,-111.872222
2/21/2020,AQS,490353006,3,47.8,ppb,44,Hawthorne,24,100,42602,Nitrogen dioxide (NO2),41620,"Salt Lake City, UT",49,Utah,35,Salt Lake,40.736389,-111.872222
2/22/2020,AQS,490353006,3,47.9,ppb,44,Hawthorne,24,100,42602,Nitrogen dioxide (NO2),41620,"Salt Lake City, UT",49,Utah,35,Salt Lake,40.736389,-111.872222
2/23/2020,AQS,490353006,3,42.5,ppb,40,Hawthorne,24,100,42602,Nitrogen dioxide (NO2),41620,"Salt Lake City, UT",49,Utah,35,Salt Lake,40.736389,-111.872222
2/24/2020,AQS,490353006,3,20,ppb,19,Hawthorne,24,100,42602,Nitrogen dioxide (NO2),41620,"Salt Lake City, UT",49,Utah,35,Salt Lake,40.736389,-111.872222
2/25/2020,AQS,490353006,3,30.9,ppb,28,Hawthorne,22,92,42602,Nitrogen dioxide (NO2),41620,"Salt Lake City, UT",49,Utah,35,Salt Lake,40.736389,-111.872222
2/26/2020,AQS,490353006,3,41.8,ppb,39,Hawthorne,23,96,42602,Nitrogen dioxide (NO2),41620,"Salt Lake City, UT",49,Utah,35,Salt Lake,40.736389,-111.872222
2/27/2020,AQS,490353006,3,42.9,ppb,40,Hawthorne,24,100,42602,Nitrogen dioxide (NO2),41620,"Salt Lake City, UT",49,Utah,35,Salt Lake,40.736389,-111.872222
2/28/2020,AQS,490353006,3,41.9,ppb,39,Hawthorne,24,100,42602,Nitrogen dioxide (NO2),41620,"Salt Lake City, UT",49,Utah,35,Salt Lake,40.736389,-111.872222
2/29/2020,AQS,490353006,3,33.9,ppb,31,Hawthorne,24,100,42602,Nitrogen dioxide (NO2),41620,"Salt Lake City, UT",49,Utah,35,Salt Lake,40.736389,-111.872222
1/1/2020,AQS,490353010,1,26.2,ppb,25,ROSE PARK,23,96,42602,Nitrogen dioxide (NO2),41620,"Salt Lake City, UT",49,Utah,35,Salt Lake,40.78422,-111.931
1/2/2020,AQS,490353010,1,38.5,ppb,36,ROSE PARK,24,100,42602,Nitrogen dioxide (NO2),41620,"Salt Lake City, UT",49,Utah,35,Salt Lake,40.78422,-111.931
1/3/2020,AQS,490353010,1,39.8,ppb,37,ROSE PARK,24,100,42602,Nitrogen dioxide (NO2),41620,"Salt Lake City, UT",49,Utah,35,Salt Lake,40.78422,-111.931
1/4/2020,AQS,490353010,1,35,ppb,33,ROSE PARK,24,100,42602,Nitrogen dioxide (NO2),41620,"Salt Lake City, UT",49,Utah,35,Salt Lake,40.78422,-111.931
1/5/2020,AQS,490353010,1,39.2,ppb,37,ROSE PARK,24,100,42602,Nitrogen dioxide (NO2),41620,"Salt Lake City, UT",49,Utah,35,Salt Lake,40.78422,-111.931
1/6/2020,AQS,490353010,1,40.5,ppb,38,ROSE PARK,23,96,42602,Nitrogen dioxide (NO2),41620,"Salt Lake City, UT",49,Utah,35,Salt Lake,40.78422,-111.931
1/7/2020,AQS,490353010,1,34.1,ppb,32,ROSE PARK,24,100,42602,Nitrogen dioxide (NO2),41620,"Salt Lake City, UT",49,Utah,35,Salt Lake,40.78422,-111.931
1/8/2020,AQS,490353010,1,31.2,ppb,29,ROSE PARK,23,96,42602,Nitrogen dioxide (NO2),41620,"Salt Lake City, UT",49,Utah,35,Salt Lake,40.78422,-111.931
1/9/2020,AQS,490353010,1,32.3,ppb,30,ROSE PARK,24,100,42602,Nitrogen dioxide (NO2),41620,"Salt Lake City, UT",49,Utah,35,Salt Lake,40.78422,-111.931
1/10/2020,AQS,490353010,1,30.3,ppb,28,ROSE PARK,24,100,42602,Nitrogen dioxide (NO2),41620,"Salt Lake City, UT",49,Utah,35,Salt Lake,40.78422,-111.931
1/11/2020,AQS,490353010,1,36.9,ppb,34,ROSE PARK,24,100,42602,Nitrogen dioxide (NO2),41620,"Salt Lake City, UT",49,Utah,35,Salt Lake,40.78422,-111.931
1/12/2020,AQS,490353010,1,21.2,ppb,20,ROSE PARK,24,100,42602,Nitrogen dioxide (NO2),41620,"Salt Lake City, UT",49,Utah,35,Salt Lake,40.78422,-111.931
1/13/2020,AQS,490353010,1,35.9,ppb,33,ROSE PARK,23,96,42602,Nitrogen dioxide (NO2),41620,"Salt Lake City, UT",49,Utah,35,Salt Lake,40.78422,-111.931
1/14/2020,AQS,490353010,1,45.3,ppb,42,ROSE PARK,24,100,42602,Nitrogen dioxide (NO2),41620,"Salt Lake City, UT",49,Utah,35,Salt Lake,40.78422,-111.931
1/15/2020,AQS,490353010,1,52.1,ppb,49,ROSE PARK,23,96,42602,Nitrogen dioxide (NO2),41620,"Salt Lake City, UT",49,Utah,35,Salt Lake,40.78422,-111.931
1/16/2020,AQS,490353010,1,44.8,ppb,42,ROSE PARK,24,100,42602,Nitrogen dioxide (NO2),41620,"Salt Lake City, UT",49,Utah,35,Salt Lake,40.78422,-111.931
1/17/2020,AQS,490353010,1,42.7,ppb,40,ROSE PARK,24,100,42602,Nitrogen dioxide (NO2),41620,"Salt Lake City, UT",49,Utah,35,Salt Lake,40.78422,-111.931
1/18/2020,AQS,490353010,1,38.4,ppb,36,ROSE PARK,24,100,42602,Nitrogen dioxide (NO2),41620,"Salt Lake City, UT",49,Utah,35,Salt Lake,40.78422,-111.931
1/19/2020,AQS,490353010,1,47,ppb,44,ROSE PARK,24,100,42602,Nitrogen dioxide (NO2),41620,"Salt Lake City, UT",49,Utah,35,Salt Lake,40.78422,-111.931
1/20/2020,AQS,490353010,1,42.4,ppb,40,ROSE PARK,23,96,42602,Nitrogen dioxide (NO2),41620,"Salt Lake City, UT",49,Utah,35,Salt Lake,40.78422,-111.931
1/21/2020,AQS,490353010,1,41.5,ppb,39,ROSE PARK,24,100,42602,Nitrogen dioxide (NO2),41620,"Salt Lake City, UT",49,Utah,35,Salt Lake,40.78422,-111.931
1/22/2020,AQS,490353010,1,35.7,ppb,33,ROSE PARK,23,96,42602,Nitrogen dioxide (NO2),41620,"Salt Lake City, UT",49,Utah,35,Salt Lake,40.78422,-111.931
1/23/2020,AQS,490353010,1,43.9,ppb,41,ROSE PARK,24,100,42602,Nitrogen dioxide (NO2),41620,"Salt Lake City, UT",49,Utah,35,Salt Lake,40.78422,-111.931
1/24/2020,AQS,490353010,1,41.8,ppb,39,ROSE PARK,24,100,42602,Nitrogen dioxide (NO2),41620,"Salt Lake City, UT",49,Utah,35,Salt Lake,40.78422,-111.931
1/25/2020,AQS,490353010,1,34.7,ppb,32,ROSE PARK,24,100,42602,Nitrogen dioxide (NO2),41620,"Salt Lake City, UT",49,Utah,35,Salt Lake,40.78422,-111.931
1/26/2020,AQS,490353010,1,28.6,ppb,26,ROSE PARK,24,100,42602,Nitrogen dioxide (NO2),41620,"Salt Lake City, UT",49,Utah,35,Salt Lake,40.78422,-111.931
1/27/2020,AQS,490353010,1,36.9,ppb,34,ROSE PARK,23,96,42602,Nitrogen dioxide (NO2),41620,"Salt Lake City, UT",49,Utah,35,Salt Lake,40.78422,-111.931
1/28/2020,AQS,490353010,1,37.8,ppb,35,ROSE PARK,24,100,42602,Nitrogen dioxide (NO2),41620,"Salt Lake City, UT",49,Utah,35,Salt Lake,40.78422,-111.931
1/29/2020,AQS,490353010,1,29.7,ppb,27,ROSE PARK,23,96,42602,Nitrogen dioxide (NO2),41620,"Salt Lake City, UT",49,Utah,35,Salt Lake,40.78422,-111.931
1/30/2020,AQS,490353010,1,32.5,ppb,30,ROSE PARK,24,100,42602,Nitrogen dioxide (NO2),41620,"Salt Lake City, UT",49,Utah,35,Salt Lake,40.78422,-111.931
1/31/2020,AQS,490353010,1,42.5,ppb,40,ROSE PARK,24,100,42602,Nitrogen dioxide (NO2),41620,"Salt Lake City, UT",49,Utah,35,Salt Lake,40.78422,-111.931
2/1/2020,AQS,490353010,1,38.2,ppb,36,ROSE PARK,24,100,42602,Nitrogen dioxide (NO2),41620,"Salt Lake City, UT",49,Utah,35,Salt Lake,40.78422,-111.931
2/2/2020,AQS,490353010,1,35.3,ppb,33,ROSE PARK,24,100,42602,Nitrogen dioxide (NO2),41620,"Salt Lake City, UT",49,Utah,35,Salt Lake,40.78422,-111.931
2/3/2020,AQS,490353010,1,34.5,ppb,32,ROSE PARK,23,96,42602,Nitrogen dioxide (NO2),41620,"Salt Lake City, UT",49,Utah,35,Salt Lake,40.78422,-111.931
2/4/2020,AQS,490353010,1,55.5,ppb,52,ROSE PARK,24,100,42602,Nitrogen dioxide (NO2),41620,"Salt Lake City, UT",49,Utah,35,Salt Lake,40.78422,-111.931
2/5/2020,AQS,490353010,1,44.3,ppb,42,ROSE PARK,23,96,42602,Nitrogen dioxide (NO2),41620,"Salt Lake City, UT",49,Utah,35,Salt Lake,40.78422,-111.931
2/6/2020,AQS,490353010,1,46.4,ppb,43,ROSE PARK,24,100,42602,Nitrogen dioxide (NO2),41620,"Salt Lake City, UT",49,Utah,35,Salt Lake,40.78422,-111.931
2/7/2020,AQS,490353010,1,42.4,ppb,40,ROSE PARK,24,100,42602,Nitrogen dioxide (NO2),41620,"Salt Lake City, UT",49,Utah,35,Salt Lake,40.78422,-111.931
2/8/2020,AQS,490353010,1,38,ppb,36,ROSE PARK,24,100,42602,Nitrogen dioxide (NO2),41620,"Salt Lake City, UT",49,Utah,35,Salt Lake,40.78422,-111.931
2/9/2020,AQS,490353010,1,32.6,ppb,30,ROSE PARK,24,100,42602,Nitrogen dioxide (NO2),41620,"Salt Lake City, UT",49,Utah,35,Salt Lake,40.78422,-111.931
2/10/2020,AQS,490353010,1,44.3,ppb,42,ROSE PARK,23,96,42602,Nitrogen dioxide (NO2),41620,"Salt Lake City, UT",49,Utah,35,Salt Lake,40.78422,-111.931
2/11/2020,AQS,490353010,1,43.8,ppb,41,ROSE PARK,24,100,42602,Nitrogen dioxide (NO2),41620,"Salt Lake City, UT",49,Utah,35,Salt Lake,40.78422,-111.931
2/12/2020,AQS,490353010,1,39.1,ppb,37,ROSE PARK,23,96,42602,Nitrogen dioxide (NO2),41620,"Salt Lake City, UT",49,Utah,35,Salt Lake,40.78422,-111.931
2/13/2020,AQS,490353010,1,43.1,ppb,41,ROSE PARK,24,100,42602,Nitrogen dioxide (NO2),41620,"Salt Lake City, UT",49,Utah,35,Salt Lake,40.78422,-111.931
2/14/2020,AQS,490353010,1,42.6,ppb,40,ROSE PARK,24,100,42602,Nitrogen dioxide (NO2),41620,"Salt Lake City, UT",49,Utah,35,Salt Lake,40.78422,-111.931
2/15/2020,AQS,490353010,1,37.3,ppb,35,ROSE PARK,24,100,42602,Nitrogen dioxide (NO2),41620,"Salt Lake City, UT",49,Utah,35,Salt Lake,40.78422,-111.931
2/16/2020,AQS,490353010,1,37.7,ppb,35,ROSE PARK,24,100,42602,Nitrogen dioxide (NO2),41620,"Salt Lake City, UT",49,Utah,35,Salt Lake,40.78422,-111.931
2/17/2020,AQS,490353010,1,34.9,ppb,32,ROSE PARK,23,96,42602,Nitrogen dioxide (NO2),41620,"Salt Lake City, UT",49,Utah,35,Salt Lake,40.78422,-111.931
2/18/2020,AQS,490353010,1,40.4,ppb,38,ROSE PARK,24,100,42602,Nitrogen dioxide (NO2),41620,"Salt Lake City, UT",49,Utah,35,Salt Lake,40.78422,-111.931
2/19/2020,AQS,490353010,1,41.9,ppb,39,ROSE PARK,23,96,42602,Nitrogen dioxide (NO2),41620,"Salt Lake City, UT",49,Utah,35,Salt Lake,40.78422,-111.931
2/20/2020,AQS,490353010,1,54.5,ppb,51,ROSE PARK,24,100,42602,Nitrogen dioxide (NO2),41620,"Salt Lake City, UT",49,Utah,35,Salt Lake,40.78422,-111.931
2/21/2020,AQS,490353010,1,50.1,ppb,47,ROSE PARK,24,100,42602,Nitrogen dioxide (NO2),41620,"Salt Lake City, UT",49,Utah,35,Salt Lake,40.78422,-111.931
2/22/2020,AQS,490353010,1,51,ppb,48,ROSE PARK,24,100,42602,Nitrogen dioxide (NO2),41620,"Salt Lake City, UT",49,Utah,35,Salt Lake,40.78422,-111.931
2/23/2020,AQS,490353010,1,47.2,ppb,44,ROSE PARK,24,100,42602,Nitrogen dioxide (NO2),41620,"Salt Lake City, UT",49,Utah,35,Salt Lake,40.78422,-111.931
2/24/2020,AQS,490353010,1,12.9,ppb,11,ROSE PARK,23,96,42602,Nitrogen dioxide (NO2),41620,"Salt Lake City, UT",49,Utah,35,Salt Lake,40.78422,-111.931
2/25/2020,AQS,490353010,1,45.7,ppb,42,ROSE PARK,24,100,42602,Nitrogen dioxide (NO2),41620,"Salt Lake City, UT",49,Utah,35,Salt Lake,40.78422,-111.931
2/26/2020,AQS,490353010,1,39,ppb,37,ROSE PARK,23,96,42602,Nitrogen dioxide (NO2),41620,"Salt Lake City, UT",49,Utah,35,Salt Lake,40.78422,-111.931
2/27/2020,AQS,490353010,1,46.1,ppb,43,ROSE PARK,24,100,42602,Nitrogen dioxide (NO2),41620,"Salt Lake City, UT",49,Utah,35,Salt Lake,40.78422,-111.931
2/28/2020,AQS,490353010,1,42.7,ppb,40,ROSE PARK,24,100,42602,Nitrogen dioxide (NO2),41620,"Salt Lake City, UT",49,Utah,35,Salt Lake,40.78422,-111.931
2/29/2020,AQS,490353010,1,31.3,ppb,29,ROSE PARK,24,100,42602,Nitrogen dioxide (NO2),41620,"Salt Lake City, UT",49,Utah,35,Salt Lake,40.78422,-111.931
1/1/2020,AQS,490353013,1,9.2,ppb,8,,24,100,42602,Nitrogen dioxide (NO2),41620,"Salt Lake City, UT",49,Utah,35,Salt Lake,40.496392,-112.036298
1/2/2020,AQS,490353013,1,16.1,ppb,15,,24,100,42602,Nitrogen dioxide (NO2),41620,"Salt Lake City, UT",49,Utah,35,Salt Lake,40.496392,-112.036298
1/3/2020,AQS,490353013,1,14.5,ppb,13,,24,100,42602,Nitrogen dioxide (NO2),41620,"Salt Lake City, UT",49,Utah,35,Salt Lake,40.496392,-112.036298
1/4/2020,AQS,490353013,1,12,ppb,11,,24,100,42602,Nitrogen dioxide (NO2),41620,"Salt Lake City, UT",49,Utah,35,Salt Lake,40.496392,-112.036298
1/5/2020,AQS,490353013,1,12.9,ppb,11,,23,96,42602,Nitrogen dioxide (NO2),41620,"Salt Lake City, UT",49,Utah,35,Salt Lake,40.496392,-112.036298
1/6/2020,AQS,490353013,1,14.1,ppb,13,,23,96,42602,Nitrogen dioxide (NO2),41620,"Salt Lake City, UT",49,Utah,35,Salt Lake,40.496392,-112.036298
1/7/2020,AQS,490353013,1,13.4,ppb,12,,24,100,42602,Nitrogen dioxide (NO2),41620,"Salt Lake City, UT",49,Utah,35,Salt Lake,40.496392,-112.036298
1/8/2020,AQS,490353013,1,21.2,ppb,20,,24,100,42602,Nitrogen dioxide (NO2),41620,"Salt Lake City, UT",49,Utah,35,Salt Lake,40.496392,-112.036298
1/9/2020,AQS,490353013,1,18.7,ppb,17,,24,100,42602,Nitrogen dioxide (NO2),41620,"Salt Lake City, UT",49,Utah,35,Salt Lake,40.496392,-112.036298
1/10/2020,AQS,490353013,1,13.5,ppb,12,,24,100,42602,Nitrogen dioxide (NO2),41620,"Salt Lake City, UT",49,Utah,35,Salt Lake,40.496392,-112.036298
1/11/2020,AQS,490353013,1,11.7,ppb,10,,24,100,42602,Nitrogen dioxide (NO2),41620,"Salt Lake City, UT",49,Utah,35,Salt Lake,40.496392,-112.036298
1/12/2020,AQS,490353013,1,12,ppb,11,,23,96,42602,Nitrogen dioxide (NO2),41620,"Salt Lake City, UT",49,Utah,35,Salt Lake,40.496392,-112.036298
1/13/2020,AQS,490353013,1,13.5,ppb,12,,23,96,42602,Nitrogen dioxide (NO2),41620,"Salt Lake City, UT",49,Utah,35,Salt Lake,40.496392,-112.036298
1/14/2020,AQS,490353013,1,9.6,ppb,8,,24,100,42602,Nitrogen dioxide (NO2),41620,"Salt Lake City, UT",49,Utah,35,Salt Lake,40.496392,-112.036298
1/15/2020,AQS,490353013,1,30.2,ppb,28,,24,100,42602,Nitrogen dioxide (NO2),41620,"Salt Lake City, UT",49,Utah,35,Salt Lake,40.496392,-112.036298
1/16/2020,AQS,490353013,1,5.2,ppb,5,,24,100,42602,Nitrogen dioxide (NO2),41620,"Salt Lake City, UT",49,Utah,35,Salt Lake,40.496392,-112.036298
1/17/2020,AQS,490353013,1,7.2,ppb,7,,24,100,42602,Nitrogen dioxide (NO2),41620,"Salt Lake City, UT",49,Utah,35,Salt Lake,40.496392,-112.036298
1/18/2020,AQS,490353013,1,9.6,ppb,8,,24,100,42602,Nitrogen dioxide (NO2),41620,"Salt Lake City, UT",49,Utah,35,Salt Lake,40.496392,-112.036298
1/19/2020,AQS,490353013,1,21.1,ppb,20,,23,96,42602,Nitrogen dioxide (NO2),41620,"Salt Lake City, UT",49,Utah,35,Salt Lake,40.496392,-112.036298
1/20/2020,AQS,490353013,1,49.2,ppb,46,,23,96,42602,Nitrogen dioxide (NO2),41620,"Salt Lake City, UT",49,Utah,35,Salt Lake,40.496392,-112.036298
1/21/2020,AQS,490353013,1,19.9,ppb,18,,24,100,42602,Nitrogen dioxide (NO2),41620,"Salt Lake City, UT",49,Utah,35,Salt Lake,40.496392,-112.036298
1/22/2020,AQS,490353013,1,16.1,ppb,15,,24,100,42602,Nitrogen dioxide (NO2),41620,"Salt Lake City, UT",49,Utah,35,Salt Lake,40.496392,-112.036298
1/23/2020,AQS,490353013,1,21.4,ppb,20,,24,100,42602,Nitrogen dioxide (NO2),41620,"Salt Lake City, UT",49,Utah,35,Salt Lake,40.496392,-112.036298
1/24/2020,AQS,490353013,1,29.1,ppb,27,,24,100,42602,Nitrogen dioxide (NO2),41620,"Salt Lake City, UT",49,Utah,35,Salt Lake,40.496392,-112.036298
1/25/2020,AQS,490353013,1,22.4,ppb,21,,24,100,42602,Nitrogen dioxide (NO2),41620,"Salt Lake City, UT",49,Utah,35,Salt Lake,40.496392,-112.036298
1/26/2020,AQS,490353013,1,23.2,ppb,22,,23,96,42602,Nitrogen dioxide (NO2),41620,"Salt Lake City, UT",49,Utah,35,Salt Lake,40.496392,-112.036298
1/27/2020,AQS,490353013,1,12,ppb,11,,23,96,42602,Nitrogen dioxide (NO2),41620,"Salt Lake City, UT",49,Utah,35,Salt Lake,40.496392,-112.036298
1/28/2020,AQS,490353013,1,20,ppb,19,,23,96,42602,Nitrogen dioxide (NO2),41620,"Salt Lake City, UT",49,Utah,35,Salt Lake,40.496392,-112.036298
1/29/2020,AQS,490353013,1,15.7,ppb,14,,24,100,42602,Nitrogen dioxide (NO2),41620,"Salt Lake City, UT",49,Utah,35,Salt Lake,40.496392,-112.036298
1/30/2020,AQS,490353013,1,14.4,ppb,13,,21,88,42602,Nitrogen dioxide (NO2),41620,"Salt Lake City, UT",49,Utah,35,Salt Lake,40.496392,-112.036298
1/31/2020,AQS,490353013,1,16.3,ppb,15,,24,100,42602,Nitrogen dioxide (NO2),41620,"Salt Lake City, UT",49,Utah,35,Salt Lake,40.496392,-112.036298
2/1/2020,AQS,490353013,1,11.8,ppb,10,,24,100,42602,Nitrogen dioxide (NO2),41620,"Salt Lake City, UT",49,Utah,35,Salt Lake,40.496392,-112.036298
2/2/2020,AQS,490353013,1,10.4,ppb,9,,23,96,42602,Nitrogen dioxide (NO2),41620,"Salt Lake City, UT",49,Utah,35,Salt Lake,40.496392,-112.036298
2/3/2020,AQS,490353013,1,2.6,ppb,2,,23,96,42602,Nitrogen dioxide (NO2),41620,"Salt Lake City, UT",49,Utah,35,Salt Lake,40.496392,-112.036298
2/4/2020,AQS,490353013,1,19.8,ppb,18,,24,100,42602,Nitrogen dioxide (NO2),41620,"Salt Lake City, UT",49,Utah,35,Salt Lake,40.496392,-112.036298
2/5/2020,AQS,490353013,1,20.8,ppb,19,,24,100,42602,Nitrogen dioxide (NO2),41620,"Salt Lake City, UT",49,Utah,35,Salt Lake,40.496392,-112.036298
2/6/2020,AQS,490353013,1,17,ppb,16,,24,100,42602,Nitrogen dioxide (NO2),41620,"Salt Lake City, UT",49,Utah,35,Salt Lake,40.496392,-112.036298
2/7/2020,AQS,490353013,1,24.8,ppb,23,,24,100,42602,Nitrogen dioxide (NO2),41620,"Salt Lake City, UT",49,Utah,35,Salt Lake,40.496392,-112.036298
2/8/2020,AQS,490353013,1,7.2,ppb,7,,24,100,42602,Nitrogen dioxide (NO2),41620,"Salt Lake City, UT",49,Utah,35,Salt Lake,40.496392,-112.036298
2/9/2020,AQS,490353013,1,6.7,ppb,6,,23,96,42602,Nitrogen dioxide (NO2),41620,"Salt Lake City, UT",49,Utah,35,Salt Lake,40.496392,-112.036298
2/10/2020,AQS,490353013,1,22.9,ppb,21,,23,96,42602,Nitrogen dioxide (NO2),41620,"Salt Lake City, UT",49,Utah,35,Salt Lake,40.496392,-112.036298
2/11/2020,AQS,490353013,1,18,ppb,17,,24,100,42602,Nitrogen dioxide (NO2),41620,"Salt Lake City, UT",49,Utah,35,Salt Lake,40.496392,-112.036298
2/12/2020,AQS,490353013,1,17.5,ppb,16,,24,100,42602,Nitrogen dioxide (NO2),41620,"Salt Lake City, UT",49,Utah,35,Salt Lake,40.496392,-112.036298
2/13/2020,AQS,490353013,1,17.2,ppb,16,,24,100,42602,Nitrogen dioxide (NO2),41620,"Salt Lake City, UT",49,Utah,35,Salt Lake,40.496392,-112.036298
2/14/2020,AQS,490353013,1,7.1,ppb,7,,24,100,42602,Nitrogen dioxide (NO2),41620,"Salt Lake City, UT",49,Utah,35,Salt Lake,40.496392,-112.036298
2/15/2020,AQS,490353013,1,17.8,ppb,16,,24,100,42602,Nitrogen dioxide (NO2),41620,"Salt Lake City, UT",49,Utah,35,Salt Lake,40.496392,-112.036298
2/16/2020,AQS,490353013,1,18.3,ppb,17,,23,96,42602,Nitrogen dioxide (NO2),41620,"Salt Lake City, UT",49,Utah,35,Salt Lake,40.496392,-112.036298
2/17/2020,AQS,490353013,1,14.7,ppb,13,,23,96,42602,Nitrogen dioxide (NO2),41620,"Salt Lake City, UT",49,Utah,35,Salt Lake,40.496392,-112.036298
2/18/2020,AQS,490353013,1,15.7,ppb,14,,24,100,42602,Nitrogen dioxide (NO2),41620,"Salt Lake City, UT",49,Utah,35,Salt Lake,40.496392,-112.036298
2/19/2020,AQS,490353013,1,33.4,ppb,31,,24,100,42602,Nitrogen dioxide (NO2),41620,"Salt Lake City, UT",49,Utah,35,Salt Lake,40.496392,-112.036298
2/20/2020,AQS,490353013,1,23.8,ppb,22,,24,100,42602,Nitrogen dioxide (NO2),41620,"Salt Lake City, UT",49,Utah,35,Salt Lake,40.496392,-112.036298
2/21/2020,AQS,490353013,1,25,ppb,24,,24,100,42602,Nitrogen dioxide (NO2),41620,"Salt Lake City, UT",49,Utah,35,Salt Lake,40.496392,-112.036298
2/22/2020,AQS,490353013,1,22.3,ppb,21,,24,100,42602,Nitrogen dioxide (NO2),41620,"Salt Lake City, UT",49,Utah,35,Salt Lake,40.496392,-112.036298
2/23/2020,AQS,490353013,1,17.3,ppb,16,,23,96,42602,Nitrogen dioxide (NO2),41620,"Salt Lake City, UT",49,Utah,35,Salt Lake,40.496392,-112.036298
2/24/2020,AQS,490353013,1,7,ppb,7,,23,96,42602,Nitrogen dioxide (NO2),41620,"Salt Lake City, UT",49,Utah,35,Salt Lake,40.496392,-112.036298
2/25/2020,AQS,490353013,1,14,ppb,13,,24,100,42602,Nitrogen dioxide (NO2),41620,"Salt Lake City, UT",49,Utah,35,Salt Lake,40.496392,-112.036298
2/26/2020,AQS,490353013,1,18.1,ppb,17,,19,79,42602,Nitrogen dioxide (NO2),41620,"Salt Lake City, UT",49,Utah,35,Salt Lake,40.496392,-112.036298
2/27/2020,AQS,490353013,1,15.3,ppb,14,,24,100,42602,Nitrogen dioxide (NO2),41620,"Salt Lake City, UT",49,Utah,35,Salt Lake,40.496392,-112.036298
2/28/2020,AQS,490353013,1,16.4,ppb,15,,24,100,42602,Nitrogen dioxide (NO2),41620,"Salt Lake City, UT",49,Utah,35,Salt Lake,40.496392,-112.036298
2/29/2020,AQS,490353013,1,2.6,ppb,2,,24,100,42602,Nitrogen dioxide (NO2),41620,"Salt Lake City, UT",49,Utah,35,Salt Lake,40.496392,-112.036298
1/1/2020,AQS,490353015,1,34.6,ppb,32,,24,100,42602,Nitrogen dioxide (NO2),41620,"Salt Lake City, UT",49,Utah,35,Salt Lake,40.777145,-111.945849
1/2/2020,AQS,490353015,1,39.8,ppb,37,,23,96,42602,Nitrogen dioxide (NO2),41620,"Salt Lake City, UT",49,Utah,35,Salt Lake,40.777145,-111.945849
1/3/2020,AQS,490353015,1,40.5,ppb,38,,22,92,42602,Nitrogen dioxide (NO2),41620,"Salt Lake City, UT",49,Utah,35,Salt Lake,40.777145,-111.945849
1/4/2020,AQS,490353015,1,38.7,ppb,36,,24,100,42602,Nitrogen dioxide (NO2),41620,"Salt Lake City, UT",49,Utah,35,Salt Lake,40.777145,-111.945849
1/5/2020,AQS,490353015,1,40,ppb,38,,24,100,42602,Nitrogen dioxide (NO2),41620,"Salt Lake City, UT",49,Utah,35,Salt Lake,40.777145,-111.945849
1/6/2020,AQS,490353015,1,41.6,ppb,39,,24,100,42602,Nitrogen dioxide (NO2),41620,"Salt Lake City, UT",49,Utah,35,Salt Lake,40.777145,-111.945849
1/7/2020,AQS,490353015,1,34.7,ppb,32,,24,100,42602,Nitrogen dioxide (NO2),41620,"Salt Lake City, UT",49,Utah,35,Salt Lake,40.777145,-111.945849
1/8/2020,AQS,490353015,1,35.1,ppb,33,,24,100,42602,Nitrogen dioxide (NO2),41620,"Salt Lake City, UT",49,Utah,35,Salt Lake,40.777145,-111.945849
1/9/2020,AQS,490353015,1,31.6,ppb,29,,23,96,42602,Nitrogen dioxide (NO2),41620,"Salt Lake City, UT",49,Utah,35,Salt Lake,40.777145,-111.945849
1/10/2020,AQS,490353015,1,31.3,ppb,29,,23,96,42602,Nitrogen dioxide (NO2),41620,"Salt Lake City, UT",49,Utah,35,Salt Lake,40.777145,-111.945849
1/11/2020,AQS,490353015,1,36.4,ppb,34,,24,100,42602,Nitrogen dioxide (NO2),41620,"Salt Lake City, UT",49,Utah,35,Salt Lake,40.777145,-111.945849
1/12/2020,AQS,490353015,1,20.8,ppb,19,,24,100,42602,Nitrogen dioxide (NO2),41620,"Salt Lake City, UT",49,Utah,35,Salt Lake,40.777145,-111.945849
1/13/2020,AQS,490353015,1,40.3,ppb,38,,24,100,42602,Nitrogen dioxide (NO2),41620,"Salt Lake City, UT",49,Utah,35,Salt Lake,40.777145,-111.945849
1/14/2020,AQS,490353015,1,42.5,ppb,40,,22,92,42602,Nitrogen dioxide (NO2),41620,"Salt Lake City, UT",49,Utah,35,Salt Lake,40.777145,-111.945849
1/15/2020,AQS,490353015,1,49.6,ppb,46,,24,100,42602,Nitrogen dioxide (NO2),41620,"Salt Lake City, UT",49,Utah,35,Salt Lake,40.777145,-111.945849
1/16/2020,AQS,490353015,1,46.1,ppb,43,,23,96,42602,Nitrogen dioxide (NO2),41620,"Salt Lake City, UT",49,Utah,35,Salt Lake,40.777145,-111.945849
1/17/2020,AQS,490353015,1,42.4,ppb,40,,23,96,42602,Nitrogen dioxide (NO2),41620,"Salt Lake City, UT",49,Utah,35,Salt Lake,40.777145,-111.945849
1/18/2020,AQS,490353015,1,42.5,ppb,40,,24,100,42602,Nitrogen dioxide (NO2),41620,"Salt Lake City, UT",49,Utah,35,Salt Lake,40.777145,-111.945849
1/19/2020,AQS,490353015,1,44.2,ppb,42,,24,100,42602,Nitrogen dioxide (NO2),41620,"Salt Lake City, UT",49,Utah,35,Salt Lake,40.777145,-111.945849
1/20/2020,AQS,490353015,1,43.4,ppb,41,,24,100,42602,Nitrogen dioxide (NO2),41620,"Salt Lake City, UT",49,Utah,35,Salt Lake,40.777145,-111.945849
1/21/2020,AQS,490353015,1,39.2,ppb,37,,24,100,42602,Nitrogen dioxide (NO2),41620,"Salt Lake City, UT",49,Utah,35,Salt Lake,40.777145,-111.945849
1/22/2020,AQS,490353015,1,41.4,ppb,39,,23,96,42602,Nitrogen dioxide (NO2),41620,"Salt Lake City, UT",49,Utah,35,Salt Lake,40.777145,-111.945849
1/23/2020,AQS,490353015,1,41,ppb,39,,23,96,42602,Nitrogen dioxide (NO2),41620,"Salt Lake City, UT",49,Utah,35,Salt Lake,40.777145,-111.945849
1/24/2020,AQS,490353015,1,38.7,ppb,36,,22,92,42602,Nitrogen dioxide (NO2),41620,"Salt Lake City, UT",49,Utah,35,Salt Lake,40.777145,-111.945849
1/25/2020,AQS,490353015,1,30.5,ppb,28,,24,100,42602,Nitrogen dioxide (NO2),41620,"Salt Lake City, UT",49,Utah,35,Salt Lake,40.777145,-111.945849
1/26/2020,AQS,490353015,1,26.8,ppb,25,,24,100,42602,Nitrogen dioxide (NO2),41620,"Salt Lake City, UT",49,Utah,35,Salt Lake,40.777145,-111.945849
1/27/2020,AQS,490353015,1,37.1,ppb,35,,24,100,42602,Nitrogen dioxide (NO2),41620,"Salt Lake City, UT",49,Utah,35,Salt Lake,40.777145,-111.945849
1/28/2020,AQS,490353015,1,37.4,ppb,35,,22,92,42602,Nitrogen dioxide (NO2),41620,"Salt Lake City, UT",49,Utah,35,Salt Lake,40.777145,-111.945849
1/29/2020,AQS,490353015,1,29.2,ppb,27,,24,100,42602,Nitrogen dioxide (NO2),41620,"Salt Lake City, UT",49,Utah,35,Salt Lake,40.777145,-111.945849
1/30/2020,AQS,490353015,1,38.1,ppb,36,,23,96,42602,Nitrogen dioxide (NO2),41620,"Salt Lake City, UT",49,Utah,35,Salt Lake,40.777145,-111.945849
1/31/2020,AQS,490353015,1,45,ppb,42,,23,96,42602,Nitrogen dioxide (NO2),41620,"Salt Lake City, UT",49,Utah,35,Salt Lake,40.777145,-111.945849
2/1/2020,AQS,490353015,1,36.6,ppb,34,,24,100,42602,Nitrogen dioxide (NO2),41620,"Salt Lake City, UT",49,Utah,35,Salt Lake,40.777145,-111.945849
2/2/2020,AQS,490353015,1,35,ppb,33,,24,100,42602,Nitrogen dioxide (NO2),41620,"Salt Lake City, UT",49,Utah,35,Salt Lake,40.777145,-111.945849
2/3/2020,AQS,490353015,1,43.6,ppb,41,,24,100,42602,Nitrogen dioxide (NO2),41620,"Salt Lake City, UT",49,Utah,35,Salt Lake,40.777145,-111.945849
2/4/2020,AQS,490353015,1,49.4,ppb,46,,24,100,42602,Nitrogen dioxide (NO2),41620,"Salt Lake City, UT",49,Utah,35,Salt Lake,40.777145,-111.945849
2/5/2020,AQS,490353015,1,40.5,ppb,38,,24,100,42602,Nitrogen dioxide (NO2),41620,"Salt Lake City, UT",49,Utah,35,Salt Lake,40.777145,-111.945849
2/6/2020,AQS,490353015,1,43.9,ppb,41,,22,92,42602,Nitrogen dioxide (NO2),41620,"Salt Lake City, UT",49,Utah,35,Salt Lake,40.777145,-111.945849
2/7/2020,AQS,490353015,1,41.2,ppb,39,,23,96,42602,Nitrogen dioxide (NO2),41620,"Salt Lake City, UT",49,Utah,35,Salt Lake,40.777145,-111.945849
2/8/2020,AQS,490353015,1,37.4,ppb,35,,24,100,42602,Nitrogen dioxide (NO2),41620,"Salt Lake City, UT",49,Utah,35,Salt Lake,40.777145,-111.945849
2/9/2020,AQS,490353015,1,31,ppb,29,,24,100,42602,Nitrogen dioxide (NO2),41620,"Salt Lake City, UT",49,Utah,35,Salt Lake,40.777145,-111.945849
2/10/2020,AQS,490353015,1,45.7,ppb,42,,23,96,42602,Nitrogen dioxide (NO2),41620,"Salt Lake City, UT",49,Utah,35,Salt Lake,40.777145,-111.945849
2/11/2020,AQS,490353015,1,42.9,ppb,40,,24,100,42602,Nitrogen dioxide (NO2),41620,"Salt Lake City, UT",49,Utah,35,Salt Lake,40.777145,-111.945849
2/12/2020,AQS,490353015,1,41.5,ppb,39,,24,100,42602,Nitrogen dioxide (NO2),41620,"Salt Lake City, UT",49,Utah,35,Salt Lake,40.777145,-111.945849
2/13/2020,AQS,490353015,1,46.2,ppb,43,,23,96,42602,Nitrogen dioxide (NO2),41620,"Salt Lake City, UT",49,Utah,35,Salt Lake,40.777145,-111.945849
2/14/2020,AQS,490353015,1,35.2,ppb,33,,22,92,42602,Nitrogen dioxide (NO2),41620,"Salt Lake City, UT",49,Utah,35,Salt Lake,40.777145,-111.945849
2/15/2020,AQS,490353015,1,37.4,ppb,35,,24,100,42602,Nitrogen dioxide (NO2),41620,"Salt Lake City, UT",49,Utah,35,Salt Lake,40.777145,-111.945849
2/16/2020,AQS,490353015,1,37,ppb,35,,24,100,42602,Nitrogen dioxide (NO2),41620,"Salt Lake City, UT",49,Utah,35,Salt Lake,40.777145,-111.945849
2/17/2020,AQS,490353015,1,35.9,ppb,33,,24,100,42602,Nitrogen dioxide (NO2),41620,"Salt Lake City, UT",49,Utah,35,Salt Lake,40.777145,-111.945849
2/18/2020,AQS,490353015,1,41.2,ppb,39,,24,100,42602,Nitrogen dioxide (NO2),41620,"Salt Lake City, UT",49,Utah,35,Salt Lake,40.777145,-111.945849
2/19/2020,AQS,490353015,1,38.2,ppb,36,,24,100,42602,Nitrogen dioxide (NO2),41620,"Salt Lake City, UT",49,Utah,35,Salt Lake,40.777145,-111.945849
2/20/2020,AQS,490353015,1,52.6,ppb,49,,23,96,42602,Nitrogen dioxide (NO2),41620,"Salt Lake City, UT",49,Utah,35,Salt Lake,40.777145,-111.945849
2/21/2020,AQS,490353015,1,47.5,ppb,44,,23,96,42602,Nitrogen dioxide (NO2),41620,"Salt Lake City, UT",49,Utah,35,Salt Lake,40.777145,-111.945849
2/22/2020,AQS,490353015,1,48.3,ppb,45,,22,92,42602,Nitrogen dioxide (NO2),41620,"Salt Lake City, UT",49,Utah,35,Salt Lake,40.777145,-111.945849
2/23/2020,AQS,490353015,1,45.5,ppb,42,,24,100,42602,Nitrogen dioxide (NO2),41620,"Salt Lake City, UT",49,Utah,35,Salt Lake,40.777145,-111.945849
2/24/2020,AQS,490353015,1,12.9,ppb,11,,22,92,42602,Nitrogen dioxide (NO2),41620,"Salt Lake City, UT",49,Utah,35,Salt Lake,40.777145,-111.945849
2/25/2020,AQS,490353015,1,40.4,ppb,38,,24,100,42602,Nitrogen dioxide (NO2),41620,"Salt Lake City, UT",49,Utah,35,Salt Lake,40.777145,-111.945849
2/26/2020,AQS,490353015,1,41.7,ppb,39,,24,100,42602,Nitrogen dioxide (NO2),41620,"Salt Lake City, UT",49,Utah,35,Salt Lake,40.777145,-111.945849
2/27/2020,AQS,490353015,1,47.1,ppb,44,,23,96,42602,Nitrogen dioxide (NO2),41620,"Salt Lake City, UT",49,Utah,35,Salt Lake,40.777145,-111.945849
2/28/2020,AQS,490353015,1,41.1,ppb,39,,22,92,42602,Nitrogen dioxide (NO2),41620,"Salt Lake City, UT",49,Utah,35,Salt Lake,40.777145,-111.945849
2/29/2020,AQS,490353015,1,30.3,ppb,28,,24,100,42602,Nitrogen dioxide (NO2),41620,"Salt Lake City, UT",49,Utah,35,Salt Lake,40.777145,-111.945849
1/1/2020,AQS,490354002,1,21.5,ppb,20,,24,100,42602,Nitrogen dioxide (NO2),41620,"Salt Lake City, UT",49,Utah,35,Salt Lake,40.662878,-111.9011881
1/2/2020,AQS,490354002,1,38.9,ppb,36,,24,100,42602,Nitrogen dioxide (NO2),41620,"Salt Lake City, UT",49,Utah,35,Salt Lake,40.662878,-111.9011881
1/3/2020,AQS,490354002,1,37.8,ppb,35,,24,100,42602,Nitrogen dioxide (NO2),41620,"Salt Lake City, UT",49,Utah,35,Salt Lake,40.662878,-111.9011881
1/4/2020,AQS,490354002,1,34.2,ppb,32,,24,100,42602,Nitrogen dioxide (NO2),41620,"Salt Lake City, UT",49,Utah,35,Salt Lake,40.662878,-111.9011881
1/5/2020,AQS,490354002,1,35.2,ppb,33,,23,96,42602,Nitrogen dioxide (NO2),41620,"Salt Lake City, UT",49,Utah,35,Salt Lake,40.662878,-111.9011881
1/6/2020,AQS,490354002,1,36.1,ppb,34,,23,96,42602,Nitrogen dioxide (NO2),41620,"Salt Lake City, UT",49,Utah,35,Salt Lake,40.662878,-111.9011881
1/7/2020,AQS,490354002,1,33.9,ppb,31,,24,100,42602,Nitrogen dioxide (NO2),41620,"Salt Lake City, UT",49,Utah,35,Salt Lake,40.662878,-111.9011881
1/8/2020,AQS,490354002,1,36.2,ppb,34,,24,100,42602,Nitrogen dioxide (NO2),41620,"Salt Lake City, UT",49,Utah,35,Salt Lake,40.662878,-111.9011881
1/9/2020,AQS,490354002,1,34.3,ppb,32,,24,100,42602,Nitrogen dioxide (NO2),41620,"Salt Lake City, UT",49,Utah,35,Salt Lake,40.662878,-111.9011881
1/10/2020,AQS,490354002,1,40,ppb,38,,24,100,42602,Nitrogen dioxide (NO2),41620,"Salt Lake City, UT",49,Utah,35,Salt Lake,40.662878,-111.9011881
1/11/2020,AQS,490354002,1,32,ppb,30,,24,100,42602,Nitrogen dioxide (NO2),41620,"Salt Lake City, UT",49,Utah,35,Salt Lake,40.662878,-111.9011881
1/12/2020,AQS,490354002,1,30.9,ppb,28,,23,96,42602,Nitrogen dioxide (NO2),41620,"Salt Lake City, UT",49,Utah,35,Salt Lake,40.662878,-111.9011881
1/13/2020,AQS,490354002,1,43.7,ppb,41,,23,96,42602,Nitrogen dioxide (NO2),41620,"Salt Lake City, UT",49,Utah,35,Salt Lake,40.662878,-111.9011881
1/14/2020,AQS,490354002,1,44.4,ppb,42,,24,100,42602,Nitrogen dioxide (NO2),41620,"Salt Lake City, UT",49,Utah,35,Salt Lake,40.662878,-111.9011881
1/15/2020,AQS,490354002,1,45.5,ppb,42,,24,100,42602,Nitrogen dioxide (NO2),41620,"Salt Lake City, UT",49,Utah,35,Salt Lake,40.662878,-111.9011881
1/16/2020,AQS,490354002,1,40.4,ppb,38,,24,100,42602,Nitrogen dioxide (NO2),41620,"Salt Lake City, UT",49,Utah,35,Salt Lake,40.662878,-111.9011881
1/17/2020,AQS,490354002,1,38.6,ppb,36,,24,100,42602,Nitrogen dioxide (NO2),41620,"Salt Lake City, UT",49,Utah,35,Salt Lake,40.662878,-111.9011881
1/18/2020,AQS,490354002,1,40.5,ppb,38,,24,100,42602,Nitrogen dioxide (NO2),41620,"Salt Lake City, UT",49,Utah,35,Salt Lake,40.662878,-111.9011881
1/19/2020,AQS,490354002,1,39.1,ppb,37,,23,96,42602,Nitrogen dioxide (NO2),41620,"Salt Lake City, UT",49,Utah,35,Salt Lake,40.662878,-111.9011881
1/20/2020,AQS,490354002,1,56.4,ppb,53,,23,96,42602,Nitrogen dioxide (NO2),41620,"Salt Lake City, UT",49,Utah,35,Salt Lake,40.662878,-111.9011881
1/21/2020,AQS,490354002,1,41.8,ppb,39,,24,100,42602,Nitrogen dioxide (NO2),41620,"Salt Lake City, UT",49,Utah,35,Salt Lake,40.662878,-111.9011881
1/22/2020,AQS,490354002,1,39.3,ppb,37,,23,96,42602,Nitrogen dioxide (NO2),41620,"Salt Lake City, UT",49,Utah,35,Salt Lake,40.662878,-111.9011881
1/23/2020,AQS,490354002,1,35.1,ppb,33,,24,100,42602,Nitrogen dioxide (NO2),41620,"Salt Lake City, UT",49,Utah,35,Salt Lake,40.662878,-111.9011881
1/24/2020,AQS,490354002,1,36.4,ppb,34,,24,100,42602,Nitrogen dioxide (NO2),41620,"Salt Lake City, UT",49,Utah,35,Salt Lake,40.662878,-111.9011881
1/25/2020,AQS,490354002,1,28,ppb,26,,24,100,42602,Nitrogen dioxide (NO2),41620,"Salt Lake City, UT",49,Utah,35,Salt Lake,40.662878,-111.9011881
1/26/2020,AQS,490354002,1,25.3,ppb,24,,23,96,42602,Nitrogen dioxide (NO2),41620,"Salt Lake City, UT",49,Utah,35,Salt Lake,40.662878,-111.9011881
1/27/2020,AQS,490354002,1,39.1,ppb,37,,23,96,42602,Nitrogen dioxide (NO2),41620,"Salt Lake City, UT",49,Utah,35,Salt Lake,40.662878,-111.9011881
1/28/2020,AQS,490354002,1,30.7,ppb,28,,24,100,42602,Nitrogen dioxide (NO2),41620,"Salt Lake City, UT",49,Utah,35,Salt Lake,40.662878,-111.9011881
1/29/2020,AQS,490354002,1,27.6,ppb,25,,24,100,42602,Nitrogen dioxide (NO2),41620,"Salt Lake City, UT",49,Utah,35,Salt Lake,40.662878,-111.9011881
1/30/2020,AQS,490354002,1,33.1,ppb,31,,24,100,42602,Nitrogen dioxide (NO2),41620,"Salt Lake City, UT",49,Utah,35,Salt Lake,40.662878,-111.9011881
1/31/2020,AQS,490354002,1,39.1,ppb,37,,24,100,42602,Nitrogen dioxide (NO2),41620,"Salt Lake City, UT",49,Utah,35,Salt Lake,40.662878,-111.9011881
2/1/2020,AQS,490354002,1,36.4,ppb,34,,24,100,42602,Nitrogen dioxide (NO2),41620,"Salt Lake City, UT",49,Utah,35,Salt Lake,40.662878,-111.9011881
2/2/2020,AQS,490354002,1,29.5,ppb,27,,23,96,42602,Nitrogen dioxide (NO2),41620,"Salt Lake City, UT",49,Utah,35,Salt Lake,40.662878,-111.9011881
2/3/2020,AQS,490354002,1,32.8,ppb,30,,23,96,42602,Nitrogen dioxide (NO2),41620,"Salt Lake City, UT",49,Utah,35,Salt Lake,40.662878,-111.9011881
2/4/2020,AQS,490354002,1,44,ppb,42,,24,100,42602,Nitrogen dioxide (NO2),41620,"Salt Lake City, UT",49,Utah,35,Salt Lake,40.662878,-111.9011881
2/5/2020,AQS,490354002,1,41.8,ppb,39,,23,96,42602,Nitrogen dioxide (NO2),41620,"Salt Lake City, UT",49,Utah,35,Salt Lake,40.662878,-111.9011881
2/6/2020,AQS,490354002,1,40.7,ppb,38,,24,100,42602,Nitrogen dioxide (NO2),41620,"Salt Lake City, UT",49,Utah,35,Salt Lake,40.662878,-111.9011881
2/7/2020,AQS,490354002,1,41.4,ppb,39,,24,100,42602,Nitrogen dioxide (NO2),41620,"Salt Lake City, UT",49,Utah,35,Salt Lake,40.662878,-111.9011881
2/8/2020,AQS,490354002,1,33.9,ppb,31,,24,100,42602,Nitrogen dioxide (NO2),41620,"Salt Lake City, UT",49,Utah,35,Salt Lake,40.662878,-111.9011881
2/9/2020,AQS,490354002,1,27.5,ppb,25,,23,96,42602,Nitrogen dioxide (NO2),41620,"Salt Lake City, UT",49,Utah,35,Salt Lake,40.662878,-111.9011881
2/10/2020,AQS,490354002,1,41.9,ppb,39,,23,96,42602,Nitrogen dioxide (NO2),41620,"Salt Lake City, UT",49,Utah,35,Salt Lake,40.662878,-111.9011881
2/11/2020,AQS,490354002,1,43.7,ppb,41,,24,100,42602,Nitrogen dioxide (NO2),41620,"Salt Lake City, UT",49,Utah,35,Salt Lake,40.662878,-111.9011881
2/12/2020,AQS,490354002,1,38.9,ppb,36,,24,100,42602,Nitrogen dioxide (NO2),41620,"Salt Lake City, UT",49,Utah,35,Salt Lake,40.662878,-111.9011881
2/13/2020,AQS,490354002,1,42.6,ppb,40,,24,100,42602,Nitrogen dioxide (NO2),41620,"Salt Lake City, UT",49,Utah,35,Salt Lake,40.662878,-111.9011881
2/14/2020,AQS,490354002,1,40.6,ppb,38,,24,100,42602,Nitrogen dioxide (NO2),41620,"Salt Lake City, UT",49,Utah,35,Salt Lake,40.662878,-111.9011881
2/15/2020,AQS,490354002,1,36.5,ppb,34,,24,100,42602,Nitrogen dioxide (NO2),41620,"Salt Lake City, UT",49,Utah,35,Salt Lake,40.662878,-111.9011881
2/16/2020,AQS,490354002,1,36.3,ppb,34,,23,96,42602,Nitrogen dioxide (NO2),41620,"Salt Lake City, UT",49,Utah,35,Salt Lake,40.662878,-111.9011881
2/17/2020,AQS,490354002,1,33,ppb,31,,23,96,42602,Nitrogen dioxide (NO2),41620,"Salt Lake City, UT",49,Utah,35,Salt Lake,40.662878,-111.9011881
2/18/2020,AQS,490354002,1,40.1,ppb,38,,23,96,42602,Nitrogen dioxide (NO2),41620,"Salt Lake City, UT",49,Utah,35,Salt Lake,40.662878,-111.9011881
2/19/2020,AQS,490354002,1,35.6,ppb,33,,24,100,42602,Nitrogen dioxide (NO2),41620,"Salt Lake City, UT",49,Utah,35,Salt Lake,40.662878,-111.9011881
2/20/2020,AQS,490354002,1,41.8,ppb,39,,24,100,42602,Nitrogen dioxide (NO2),41620,"Salt Lake City, UT",49,Utah,35,Salt Lake,40.662878,-111.9011881
2/21/2020,AQS,490354002,1,43.9,ppb,41,,24,100,42602,Nitrogen dioxide (NO2),41620,"Salt Lake City, UT",49,Utah,35,Salt Lake,40.662878,-111.9011881
2/22/2020,AQS,490354002,1,43.1,ppb,41,,24,100,42602,Nitrogen dioxide (NO2),41620,"Salt Lake City, UT",49,Utah,35,Salt Lake,40.662878,-111.9011881
2/23/2020,AQS,490354002,1,46.9,ppb,43,,23,96,42602,Nitrogen dioxide (NO2),41620,"Salt Lake City, UT",49,Utah,35,Salt Lake,40.662878,-111.9011881
2/24/2020,AQS,490354002,1,13.8,ppb,12,,23,96,42602,Nitrogen dioxide (NO2),41620,"Salt Lake City, UT",49,Utah,35,Salt Lake,40.662878,-111.9011881
2/25/2020,AQS,490354002,1,39.8,ppb,37,,24,100,42602,Nitrogen dioxide (NO2),41620,"Salt Lake City, UT",49,Utah,35,Salt Lake,40.662878,-111.9011881
2/26/2020,AQS,490354002,1,41.6,ppb,39,,24,100,42602,Nitrogen dioxide (NO2),41620,"Salt Lake City, UT",49,Utah,35,Salt Lake,40.662878,-111.9011881
2/27/2020,AQS,490354002,1,38.8,ppb,36,,24,100,42602,Nitrogen dioxide (NO2),41620,"Salt Lake City, UT",49,Utah,35,Salt Lake,40.662878,-111.9011881
2/29/2020,AQS,490354002,1,23.1,ppb,22,,24,100,42602,Nitrogen dioxide (NO2),41620,"Salt Lake City, UT",49,Utah,35,Salt Lake,40.662878,-111.9011881
1/1/2020,AQS,490450004,1,5.1,ppb,5,,24,100,42602,Nitrogen dioxide (NO2),41620,"Salt Lake City, UT",49,Utah,45,Tooele,40.6005316,-112.3534143
1/2/2020,AQS,490450004,1,8.5,ppb,8,,24,100,42602,Nitrogen dioxide (NO2),41620,"Salt Lake City, UT",49,Utah,45,Tooele,40.6005316,-112.3534143
1/3/2020,AQS,490450004,1,7.8,ppb,7,,24,100,42602,Nitrogen dioxide (NO2),41620,"Salt Lake City, UT",49,Utah,45,Tooele,40.6005316,-112.3534143
1/4/2020,AQS,490450004,1,9.2,ppb,8,,24,100,42602,Nitrogen dioxide (NO2),41620,"Salt Lake City, UT",49,Utah,45,Tooele,40.6005316,-112.3534143
1/5/2020,AQS,490450004,1,5.4,ppb,5,,23,96,42602,Nitrogen dioxide (NO2),41620,"Salt Lake City, UT",49,Utah,45,Tooele,40.6005316,-112.3534143
1/6/2020,AQS,490450004,1,7.5,ppb,7,,23,96,42602,Nitrogen dioxide (NO2),41620,"Salt Lake City, UT",49,Utah,45,Tooele,40.6005316,-112.3534143
1/7/2020,AQS,490450004,1,11.2,ppb,10,,24,100,42602,Nitrogen dioxide (NO2),41620,"Salt Lake City, UT",49,Utah,45,Tooele,40.6005316,-112.3534143
1/8/2020,AQS,490450004,1,10.5,ppb,9,,23,96,42602,Nitrogen dioxide (NO2),41620,"Salt Lake City, UT",49,Utah,45,Tooele,40.6005316,-112.3534143
1/9/2020,AQS,490450004,1,7.7,ppb,7,,24,100,42602,Nitrogen dioxide (NO2),41620,"Salt Lake City, UT",49,Utah,45,Tooele,40.6005316,-112.3534143
1/10/2020,AQS,490450004,1,5.7,ppb,5,,24,100,42602,Nitrogen dioxide (NO2),41620,"Salt Lake City, UT",49,Utah,45,Tooele,40.6005316,-112.3534143
1/11/2020,AQS,490450004,1,4.4,ppb,4,,24,100,42602,Nitrogen dioxide (NO2),41620,"Salt Lake City, UT",49,Utah,45,Tooele,40.6005316,-112.3534143
1/12/2020,AQS,490450004,1,4.8,ppb,4,,23,96,42602,Nitrogen dioxide (NO2),41620,"Salt Lake City, UT",49,Utah,45,Tooele,40.6005316,-112.3534143
1/13/2020,AQS,490450004,1,9.2,ppb,8,,21,88,42602,Nitrogen dioxide (NO2),41620,"Salt Lake City, UT",49,Utah,45,Tooele,40.6005316,-112.3534143
1/14/2020,AQS,490450004,1,8.6,ppb,8,,24,100,42602,Nitrogen dioxide (NO2),41620,"Salt Lake City, UT",49,Utah,45,Tooele,40.6005316,-112.3534143
1/15/2020,AQS,490450004,1,32.8,ppb,30,,24,100,42602,Nitrogen dioxide (NO2),41620,"Salt Lake City, UT",49,Utah,45,Tooele,40.6005316,-112.3534143
1/16/2020,AQS,490450004,1,15,ppb,14,,24,100,42602,Nitrogen dioxide (NO2),41620,"Salt Lake City, UT",49,Utah,45,Tooele,40.6005316,-112.3534143
1/17/2020,AQS,490450004,1,8.9,ppb,8,,24,100,42602,Nitrogen dioxide (NO2),41620,"Salt Lake City, UT",49,Utah,45,Tooele,40.6005316,-112.3534143
1/18/2020,AQS,490450004,1,12.6,ppb,11,,24,100,42602,Nitrogen dioxide (NO2),41620,"Salt Lake City, UT",49,Utah,45,Tooele,40.6005316,-112.3534143
1/19/2020,AQS,490450004,1,13.1,ppb,12,,23,96,42602,Nitrogen dioxide (NO2),41620,"Salt Lake City, UT",49,Utah,45,Tooele,40.6005316,-112.3534143
1/20/2020,AQS,490450004,1,15.8,ppb,14,,23,96,42602,Nitrogen dioxide (NO2),41620,"Salt Lake City, UT",49,Utah,45,Tooele,40.6005316,-112.3534143
1/21/2020,AQS,490450004,1,16.9,ppb,15,,24,100,42602,Nitrogen dioxide (NO2),41620,"Salt Lake City, UT",49,Utah,45,Tooele,40.6005316,-112.3534143
1/22/2020,AQS,490450004,1,11.2,ppb,10,,23,96,42602,Nitrogen dioxide (NO2),41620,"Salt Lake City, UT",49,Utah,45,Tooele,40.6005316,-112.3534143
1/23/2020,AQS,490450004,1,16.9,ppb,15,,24,100,42602,Nitrogen dioxide (NO2),41620,"Salt Lake City, UT",49,Utah,45,Tooele,40.6005316,-112.3534143
1/24/2020,AQS,490450004,1,18.8,ppb,17,,24,100,42602,Nitrogen dioxide (NO2),41620,"Salt Lake City, UT",49,Utah,45,Tooele,40.6005316,-112.3534143
1/25/2020,AQS,490450004,1,13.7,ppb,12,,24,100,42602,Nitrogen dioxide (NO2),41620,"Salt Lake City, UT",49,Utah,45,Tooele,40.6005316,-112.3534143
1/26/2020,AQS,490450004,1,10.2,ppb,9,,23,96,42602,Nitrogen dioxide (NO2),41620,"Salt Lake City, UT",49,Utah,45,Tooele,40.6005316,-112.3534143
1/27/2020,AQS,490450004,1,6,ppb,6,,22,92,42602,Nitrogen dioxide (NO2),41620,"Salt Lake City, UT",49,Utah,45,Tooele,40.6005316,-112.3534143
1/28/2020,AQS,490450004,1,7,ppb,7,,24,100,42602,Nitrogen dioxide (NO2),41620,"Salt Lake City, UT",49,Utah,45,Tooele,40.6005316,-112.3534143
1/29/2020,AQS,490450004,1,9.8,ppb,8,,24,100,42602,Nitrogen dioxide (NO2),41620,"Salt Lake City, UT",49,Utah,45,Tooele,40.6005316,-112.3534143
1/30/2020,AQS,490450004,1,11.6,ppb,10,,24,100,42602,Nitrogen dioxide (NO2),41620,"Salt Lake City, UT",49,Utah,45,Tooele,40.6005316,-112.3534143
1/31/2020,AQS,490450004,1,9,ppb,8,,24,100,42602,Nitrogen dioxide (NO2),41620,"Salt Lake City, UT",49,Utah,45,Tooele,40.6005316,-112.3534143
2/1/2020,AQS,490450004,1,9.5,ppb,8,,24,100,42602,Nitrogen dioxide (NO2),41620,"Salt Lake City, UT",49,Utah,45,Tooele,40.6005316,-112.3534143
2/2/2020,AQS,490450004,1,10.1,ppb,9,,23,96,42602,Nitrogen dioxide (NO2),41620,"Salt Lake City, UT",49,Utah,45,Tooele,40.6005316,-112.3534143
2/3/2020,AQS,490450004,1,1.5,ppb,1,,23,96,42602,Nitrogen dioxide (NO2),41620,"Salt Lake City, UT",49,Utah,45,Tooele,40.6005316,-112.3534143
2/4/2020,AQS,490450004,1,20.6,ppb,19,,23,96,42602,Nitrogen dioxide (NO2),41620,"Salt Lake City, UT",49,Utah,45,Tooele,40.6005316,-112.3534143
2/5/2020,AQS,490450004,1,7.8,ppb,7,,24,100,42602,Nitrogen dioxide (NO2),41620,"Salt Lake City, UT",49,Utah,45,Tooele,40.6005316,-112.3534143
2/6/2020,AQS,490450004,1,7.6,ppb,7,,24,100,42602,Nitrogen dioxide (NO2),41620,"Salt Lake City, UT",49,Utah,45,Tooele,40.6005316,-112.3534143
2/7/2020,AQS,490450004,1,7.8,ppb,7,,24,100,42602,Nitrogen dioxide (NO2),41620,"Salt Lake City, UT",49,Utah,45,Tooele,40.6005316,-112.3534143
2/8/2020,AQS,490450004,1,3.5,ppb,3,,24,100,42602,Nitrogen dioxide (NO2),41620,"Salt Lake City, UT",49,Utah,45,Tooele,40.6005316,-112.3534143
2/9/2020,AQS,490450004,1,5.7,ppb,5,,23,96,42602,Nitrogen dioxide (NO2),41620,"Salt Lake City, UT",49,Utah,45,Tooele,40.6005316,-112.3534143
2/10/2020,AQS,490450004,1,9.9,ppb,8,,22,92,42602,Nitrogen dioxide (NO2),41620,"Salt Lake City, UT",49,Utah,45,Tooele,40.6005316,-112.3534143
2/11/2020,AQS,490450004,1,12.6,ppb,11,,24,100,42602,Nitrogen dioxide (NO2),41620,"Salt Lake City, UT",49,Utah,45,Tooele,40.6005316,-112.3534143
2/12/2020,AQS,490450004,1,12.8,ppb,11,,24,100,42602,Nitrogen dioxide (NO2),41620,"Salt Lake City, UT",49,Utah,45,Tooele,40.6005316,-112.3534143
2/13/2020,AQS,490450004,1,10.8,ppb,9,,24,100,42602,Nitrogen dioxide (NO2),41620,"Salt Lake City, UT",49,Utah,45,Tooele,40.6005316,-112.3534143
2/14/2020,AQS,490450004,1,6.6,ppb,6,,24,100,42602,Nitrogen dioxide (NO2),41620,"Salt Lake City, UT",49,Utah,45,Tooele,40.6005316,-112.3534143
2/15/2020,AQS,490450004,1,7.2,ppb,7,,24,100,42602,Nitrogen dioxide (NO2),41620,"Salt Lake City, UT",49,Utah,45,Tooele,40.6005316,-112.3534143
2/16/2020,AQS,490450004,1,8.5,ppb,8,,23,96,42602,Nitrogen dioxide (NO2),41620,"Salt Lake City, UT",49,Utah,45,Tooele,40.6005316,-112.3534143
2/17/2020,AQS,490450004,1,9.1,ppb,8,,23,96,42602,Nitrogen dioxide (NO2),41620,"Salt Lake City, UT",49,Utah,45,Tooele,40.6005316,-112.3534143
2/18/2020,AQS,490450004,1,8.3,ppb,8,,23,96,42602,Nitrogen dioxide (NO2),41620,"Salt Lake City, UT",49,Utah,45,Tooele,40.6005316,-112.3534143
2/19/2020,AQS,490450004,1,10.5,ppb,9,,24,100,42602,Nitrogen dioxide (NO2),41620,"Salt Lake City, UT",49,Utah,45,Tooele,40.6005316,-112.3534143
2/20/2020,AQS,490450004,1,13.4,ppb,12,,24,100,42602,Nitrogen dioxide (NO2),41620,"Salt Lake City, UT",49,Utah,45,Tooele,40.6005316,-112.3534143
2/21/2020,AQS,490450004,1,29.8,ppb,27,,24,100,42602,Nitrogen dioxide (NO2),41620,"Salt Lake City, UT",49,Utah,45,Tooele,40.6005316,-112.3534143
2/22/2020,AQS,490450004,1,15.9,ppb,14,,24,100,42602,Nitrogen dioxide (NO2),41620,"Salt Lake City, UT",49,Utah,45,Tooele,40.6005316,-112.3534143
2/23/2020,AQS,490450004,1,6.7,ppb,6,,23,96,42602,Nitrogen dioxide (NO2),41620,"Salt Lake City, UT",49,Utah,45,Tooele,40.6005316,-112.3534143
2/24/2020,AQS,490450004,1,4.7,ppb,4,,22,92,42602,Nitrogen dioxide (NO2),41620,"Salt Lake City, UT",49,Utah,45,Tooele,40.6005316,-112.3534143
2/25/2020,AQS,490450004,1,10,ppb,9,,24,100,42602,Nitrogen dioxide (NO2),41620,"Salt Lake City, UT",49,Utah,45,Tooele,40.6005316,-112.3534143
2/26/2020,AQS,490450004,1,12.6,ppb,11,,24,100,42602,Nitrogen dioxide (NO2),41620,"Salt Lake City, UT",49,Utah,45,Tooele,40.6005316,-112.3534143
2/27/2020,AQS,490450004,1,12.1,ppb,11,,24,100,42602,Nitrogen dioxide (NO2),41620,"Salt Lake City, UT",49,Utah,45,Tooele,40.6005316,-112.3534143
2/28/2020,AQS,490450004,1,10.8,ppb,9,,24,100,42602,Nitrogen dioxide (NO2),41620,"Salt Lake City, UT",49,Utah,45,Tooele,40.6005316,-112.3534143
2/29/2020,AQS,490450004,1,5.1,ppb,5,,24,100,42602,Nitrogen dioxide (NO2),41620,"Salt Lake City, UT",49,Utah,45,Tooele,40.6005316,-112.3534143
